,match,match_competitive_idx,matchweek,stage_0,stage_0_base,stage_1,stage_1_base,stage_2,stage_2_base,stage_3,stage_3_base,stage_4,stage_4_base,stage_4_end
0,afc_bournemouth2015-08-08,0.0,0,11:00:00,26.8,13:00:00,52.6,15:00:00,36.21,16:51:00,23.0,18:51:00,21.73,20:51:00
1,afc_bournemouth2015-08-17,-5.54,1,16:00:00,19.31,18:00:00,60.94,20:00:00,55.43,21:51:00,20.89,23:51:00,,01:51:00
2,afc_bournemouth2015-08-22,-0.61,2,11:00:00,46.73,13:00:00,58.6,15:00:00,69.64,16:51:00,52.73,18:51:00,45.07,20:51:00
3,afc_bournemouth2015-08-29,-0.81,3,11:00:00,51.47,13:00:00,73.93,15:00:00,68.07,16:51:00,52.33,18:51:00,45.87,20:51:00
4,afc_bournemouth2015-09-12,-0.61,4,11:00:00,74.2,13:00:00,78.6,15:00:00,81.21,16:51:00,70.13,18:51:00,70.8,20:51:00
5,afc_bournemouth2015-09-19,-3.28,5,11:00:00,45.27,13:00:00,64.0,15:00:00,57.93,16:51:00,48.73,18:51:00,46.73,20:51:00
6,afc_bournemouth2015-09-26,0.5,6,11:00:00,65.73,13:00:00,71.4,15:00:00,82.0,16:51:00,65.07,18:51:00,63.87,20:51:00
7,afc_bournemouth2015-10-03,-0.87,7,11:00:00,51.93,13:00:00,51.6,15:00:00,55.86,16:51:00,46.13,18:51:00,45.87,20:51:00
8,afc_bournemouth2015-10-17,-7.66,8,11:00:00,32.73,13:00:00,62.2,15:00:00,54.64,16:51:00,36.13,18:51:00,33.6,20:51:00
9,afc_bournemouth2015-10-25,1.44,9,10:05:00,33.27,12:05:00,43.2,14:05:00,70.07,15:56:00,42.4,17:56:00,37.0,19:56:00
10,afc_bournemouth2015-11-01,-4.44,10,12:00:00,32.06,14:00:00,49.12,16:00:00,83.14,17:51:00,41.93,19:51:00,40.4,21:51:00
11,afc_bournemouth2015-11-07,-0.77,11,08:45:00,34.47,10:45:00,52.27,12:45:00,81.64,14:36:00,34.07,16:36:00,25.13,18:36:00
12,afc_bournemouth2015-11-21,-2.09,12,11:00:00,69.73,13:00:00,66.87,15:00:00,89.57,16:51:00,71.93,18:51:00,65.4,20:51:00
13,afc_bournemouth2015-11-28,0.86,13,11:00:00,31.0,13:00:00,32.93,15:00:00,45.5,16:51:00,43.87,18:51:00,30.8,20:51:00
14,afc_bournemouth2015-12-05,-7.63,14,13:30:00,10.0,15:30:00,23.13,17:30:00,56.64,19:21:00,33.0,21:21:00,19.0,23:21:00
15,afc_bournemouth2015-12-12,1.31,15,13:30:00,6.2,15:30:00,15.8,17:30:00,49.29,19:21:00,22.53,21:21:00,14.25,23:21:00
16,afc_bournemouth2015-12-19,0.54,16,11:00:00,51.27,13:00:00,46.47,15:00:00,69.14,16:51:00,61.93,18:51:00,49.4,20:51:00
17,afc_bournemouth2015-12-26,0.43,17,11:00:00,61.07,13:00:00,61.53,15:00:00,86.79,16:51:00,62.6,18:51:00,53.27,20:51:00
18,afc_bournemouth2015-12-28,-6.58,18,13:30:00,15.13,15:30:00,35.33,17:30:00,58.93,19:21:00,25.87,21:21:00,20.92,23:21:00
19,afc_bournemouth2016-01-02,-2.08,19,11:00:00,39.27,13:00:00,43.33,15:00:00,81.43,16:51:00,44.47,18:51:00,33.53,20:51:00
20,afc_bournemouth2016-01-12,-1.01,20,15:45:00,39.47,17:45:00,52.07,19:45:00,83.64,21:36:00,63.36,23:36:00,,01:36:00
21,afc_bournemouth2016-01-16,-2.1,21,11:00:00,59.8,13:00:00,60.07,15:00:00,80.93,16:51:00,68.07,18:51:00,55.87,20:51:00
22,afc_bournemouth2016-01-23,0.95,22,11:00:00,67.6,13:00:00,64.13,15:00:00,89.93,16:51:00,71.8,18:51:00,62.6,20:51:00
23,afc_bournemouth2016-02-02,-0.55,23,16:00:00,46.94,18:00:00,53.62,20:00:00,80.86,21:51:00,68.11,23:51:00,,01:51:00
24,afc_bournemouth2016-02-07,1.79,24,09:30:00,15.47,11:30:00,34.93,13:30:00,63.86,15:21:00,23.2,17:21:00,15.13,19:21:00
25,afc_bournemouth2016-02-13,-0.96,25,11:00:00,71.67,13:00:00,63.93,15:00:00,86.43,16:51:00,71.87,18:51:00,56.93,20:51:00
26,afc_bournemouth2016-02-27,-0.61,26,11:00:00,72.47,13:00:00,66.87,15:00:00,84.86,16:51:00,73.47,18:51:00,62.2,20:51:00
27,afc_bournemouth2016-03-01,0.87,27,15:45:00,32.47,17:45:00,40.4,19:45:00,79.93,21:36:00,54.0,23:36:00,,01:36:00
28,afc_bournemouth2016-03-05,0.6,28,11:00:00,54.87,13:00:00,54.53,15:00:00,88.57,16:51:00,63.73,18:51:00,50.33,20:51:00
29,afc_bournemouth2016-03-12,-2.05,29,11:00:00,49.6,13:00:00,47.0,15:00:00,77.5,16:51:00,59.07,18:51:00,43.93,20:51:00
30,afc_bournemouth2016-03-20,-4.46,30,12:00:00,23.31,14:00:00,37.88,16:00:00,65.0,17:51:00,33.2,19:51:00,24.33,21:51:00
31,afc_bournemouth2016-04-02,1.71,31,11:00:00,40.13,13:00:00,67.4,15:00:00,55.07,16:51:00,35.4,18:51:00,32.33,20:51:00
32,afc_bournemouth2016-04-09,1.49,32,11:00:00,68.6,13:00:00,78.8,15:00:00,82.57,16:51:00,65.33,18:51:00,60.0,20:51:00
33,afc_bournemouth2016-04-17,1.52,33,09:30:00,20.13,11:30:00,58.8,13:30:00,34.57,15:21:00,15.8,17:21:00,12.6,19:21:00
34,afc_bournemouth2016-04-23,1.04,34,11:00:00,31.2,13:00:00,65.07,15:00:00,60.29,16:51:00,32.33,18:51:00,26.8,20:51:00
35,afc_bournemouth2016-04-30,-1.0,35,11:00:00,62.67,13:00:00,77.13,15:00:00,74.21,16:51:00,56.13,18:51:00,50.27,20:51:00
36,afc_bournemouth2016-05-07,-2.07,36,11:00:00,75.13,13:00:00,77.73,15:00:00,84.0,16:51:00,67.87,18:51:00,66.93,20:51:00
37,afc_bournemouth2016-05-17,-3.33,37,16:00:00,27.88,18:00:00,68.44,20:00:00,70.43,21:51:00,32.11,23:51:00,,01:51:00
0,arsenal2015-08-09,-9.71,0,09:30:00,38.87,11:30:00,66.67,13:30:00,71.71,15:21:00,39.2,17:21:00,30.33,19:21:00
1,arsenal2015-08-16,4.12,1,09:30:00,43.73,11:30:00,80.07,13:30:00,73.21,15:21:00,41.47,17:21:00,37.0,19:21:00
2,arsenal2015-08-24,-3.26,2,16:00:00,36.56,18:00:00,73.81,20:00:00,72.36,21:51:00,37.33,23:51:00,,01:51:00
3,arsenal2015-08-29,4.83,3,08:45:00,44.13,10:45:00,77.4,12:45:00,71.07,14:36:00,40.33,16:36:00,37.33,18:36:00
4,arsenal2015-09-12,-9.71,4,11:00:00,30.87,13:00:00,67.07,15:00:00,59.14,16:51:00,35.4,18:51:00,27.87,20:51:00
5,arsenal2015-09-19,-0.56,5,08:45:00,22.07,10:45:00,68.07,12:45:00,67.86,14:36:00,27.47,16:36:00,17.87,18:36:00
6,arsenal2015-09-26,3.28,6,11:00:00,31.4,13:00:00,68.8,15:00:00,71.93,16:51:00,42.87,18:51:00,35.8,20:51:00
7,arsenal2015-10-04,-0.99,7,12:00:00,18.19,14:00:00,56.88,16:00:00,47.0,17:51:00,19.47,19:51:00,14.47,21:51:00
8,arsenal2015-10-17,4.86,8,13:30:00,27.53,15:30:00,62.27,17:30:00,73.29,19:21:00,35.47,21:21:00,27.83,23:21:00
9,arsenal2015-10-24,-5.56,9,13:30:00,24.93,15:30:00,65.73,17:30:00,70.64,19:21:00,33.2,21:21:00,26.83,23:21:00
10,arsenal2015-10-31,3.86,10,11:00:00,27.33,13:00:00,41.13,15:00:00,80.79,16:51:00,60.93,18:51:00,37.87,20:51:00
11,arsenal2015-11-08,-2.28,11,12:00:00,25.81,14:00:00,43.75,16:00:00,79.93,17:51:00,44.27,19:51:00,21.2,21:51:00
12,arsenal2015-11-21,5.54,12,11:00:00,30.0,13:00:00,43.93,15:00:00,86.36,16:51:00,48.4,18:51:00,33.47,20:51:00
13,arsenal2015-11-29,4.57,13,12:15:00,29.33,14:15:00,45.8,16:15:00,77.86,18:06:00,44.33,20:06:00,22.93,22:06:00
14,arsenal2015-12-05,-10.73,14,11:00:00,30.47,13:00:00,43.73,15:00:00,77.93,16:51:00,54.8,18:51:00,36.73,20:51:00
15,arsenal2015-12-13,5.35,15,09:30:00,35.93,11:30:00,57.6,13:30:00,89.14,15:21:00,55.8,17:21:00,36.8,19:21:00
16,arsenal2015-12-21,-0.6,16,16:00:00,19.69,18:00:00,38.25,20:00:00,73.0,21:51:00,59.56,23:51:00,,01:51:00
17,arsenal2015-12-26,1.54,17,15:45:00,26.27,17:45:00,40.67,19:45:00,80.07,21:36:00,53.36,23:36:00,,01:36:00
18,arsenal2015-12-28,-6.58,18,13:30:00,25.0,15:30:00,41.13,17:30:00,79.71,19:21:00,48.67,21:21:00,32.25,23:21:00
19,arsenal2016-01-02,-9.72,19,11:00:00,34.07,13:00:00,44.07,15:00:00,76.0,16:51:00,55.87,18:51:00,35.73,20:51:00
20,arsenal2016-01-13,0.85,20,16:00:00,18.94,18:00:00,34.06,20:00:00,67.5,21:51:00,54.67,23:51:00,,01:51:00
21,arsenal2016-01-17,3.19,21,12:15:00,29.47,14:15:00,47.33,16:15:00,82.21,18:06:00,44.93,20:06:00,24.13,22:06:00
22,arsenal2016-01-24,-0.94,22,12:00:00,25.38,14:00:00,43.38,16:00:00,83.43,17:51:00,41.67,19:51:00,18.6,21:51:00
23,arsenal2016-02-02,-3.23,23,15:45:00,20.13,17:45:00,37.07,19:45:00,68.43,21:36:00,50.0,23:36:00,,01:36:00
24,arsenal2016-02-07,1.79,24,09:30:00,24.53,11:30:00,44.73,13:30:00,76.93,15:21:00,41.87,17:21:00,27.27,19:21:00
25,arsenal2016-02-14,-2.27,25,08:00:00,9.25,10:00:00,22.62,12:00:00,59.29,13:51:00,42.6,15:51:00,17.73,17:51:00
26,arsenal2016-02-28,1.09,26,10:05:00,20.93,12:05:00,42.4,14:05:00,86.64,15:56:00,41.53,17:56:00,19.13,19:56:00
27,arsenal2016-03-02,-7.64,27,15:45:00,14.67,17:45:00,28.73,19:45:00,68.36,21:36:00,55.82,23:36:00,,01:36:00
28,arsenal2016-03-05,-0.64,28,08:45:00,14.53,10:45:00,32.27,12:45:00,80.93,14:36:00,37.13,16:36:00,18.2,18:36:00
29,arsenal2016-03-19,0.62,29,08:45:00,22.6,10:45:00,40.33,12:45:00,84.29,14:36:00,44.47,16:36:00,27.13,18:36:00
30,arsenal2016-04-02,-7.65,30,11:00:00,31.8,13:00:00,69.33,15:00:00,69.5,16:51:00,38.67,18:51:00,31.47,20:51:00
31,arsenal2016-04-09,2.67,31,08:45:00,19.27,10:45:00,55.27,12:45:00,69.64,14:36:00,23.6,16:36:00,16.27,18:36:00
32,arsenal2016-04-17,-7.65,32,12:00:00,24.62,14:00:00,56.69,16:00:00,67.79,17:51:00,26.53,19:51:00,19.4,21:51:00
33,arsenal2016-04-21,-11.74,33,15:45:00,26.53,17:45:00,71.73,19:45:00,74.21,21:36:00,36.82,23:36:00,,01:36:00
34,arsenal2016-04-24,3.58,34,10:05:00,24.2,12:05:00,52.2,14:05:00,64.29,15:56:00,26.87,17:56:00,18.0,19:56:00
35,arsenal2016-04-30,-10.73,35,13:30:00,23.33,15:30:00,60.93,17:30:00,74.36,19:21:00,32.53,21:21:00,24.5,23:21:00
36,arsenal2016-05-08,0.52,36,12:00:00,23.88,14:00:00,59.06,16:00:00,69.14,17:51:00,26.53,19:51:00,19.4,21:51:00
37,arsenal2016-05-15,-15.84,37,11:00:00,20.93,13:00:00,50.07,15:00:00,67.57,16:51:00,34.73,18:51:00,26.47,20:51:00
0,aston_villa2015-08-08,0.0,0,11:00:00,26.07,13:00:00,55.93,15:00:00,47.36,16:51:00,25.73,18:51:00,21.47,20:51:00
1,aston_villa2015-08-14,4.43,1,15:45:00,21.13,17:45:00,65.07,19:45:00,45.29,21:36:00,19.73,23:36:00,,01:36:00
2,aston_villa2015-08-22,-2.15,2,11:00:00,40.73,13:00:00,67.13,15:00:00,62.29,16:51:00,34.07,18:51:00,29.13,20:51:00
3,aston_villa2015-08-29,-2.08,3,11:00:00,39.07,13:00:00,68.93,15:00:00,63.29,16:51:00,34.87,18:51:00,30.87,20:51:00
4,aston_villa2015-09-13,-2.11,4,12:00:00,23.38,14:00:00,64.44,16:00:00,70.36,17:51:00,29.33,19:51:00,25.13,21:51:00
5,aston_villa2015-09-19,-0.7,5,11:00:00,39.67,13:00:00,73.0,15:00:00,76.93,16:51:00,38.2,18:51:00,31.0,20:51:00
6,aston_villa2015-09-26,-4.47,6,11:00:00,9.67,13:00:00,46.0,15:00:00,33.93,16:51:00,13.4,18:51:00,9.87,20:51:00
7,aston_villa2015-10-03,-0.5,7,11:00:00,34.93,13:00:00,58.33,15:00:00,69.36,16:51:00,37.2,18:51:00,27.8,20:51:00
8,aston_villa2015-10-17,-7.66,8,11:00:00,12.33,13:00:00,54.27,15:00:00,39.14,16:51:00,15.07,18:51:00,10.47,20:51:00
9,aston_villa2015-10-24,0.94,9,11:00:00,30.27,13:00:00,47.07,15:00:00,70.93,16:51:00,44.4,18:51:00,34.4,20:51:00
10,aston_villa2015-11-02,-5.57,10,16:00:00,23.38,18:00:00,40.31,20:00:00,77.64,21:51:00,52.0,23:51:00,,01:51:00
11,aston_villa2015-11-08,6.63,11,09:30:00,13.67,11:30:00,31.73,13:30:00,81.57,15:21:00,28.27,17:21:00,12.2,19:21:00
12,aston_villa2015-11-21,-4.42,12,11:00:00,28.67,13:00:00,41.6,15:00:00,78.36,16:51:00,43.67,18:51:00,33.07,20:51:00
13,aston_villa2015-11-28,0.73,13,11:00:00,30.53,13:00:00,34.2,15:00:00,73.5,16:51:00,50.87,18:51:00,30.4,20:51:00
14,aston_villa2015-12-05,-5.49,14,11:00:00,33.47,13:00:00,41.6,15:00:00,84.29,16:51:00,52.4,18:51:00,36.33,20:51:00
15,aston_villa2015-12-13,5.35,15,09:30:00,13.33,11:30:00,35.4,13:30:00,69.43,15:21:00,22.33,17:21:00,11.67,19:21:00
16,aston_villa2015-12-19,-0.98,16,13:30:00,12.87,15:30:00,37.47,17:30:00,81.36,19:21:00,35.6,21:21:00,21.5,23:21:00
17,aston_villa2015-12-26,0.65,17,11:00:00,31.6,13:00:00,39.53,15:00:00,86.14,16:51:00,44.87,18:51:00,27.27,20:51:00
18,aston_villa2015-12-28,-0.97,18,11:00:00,38.67,13:00:00,47.13,15:00:00,84.07,16:51:00,57.07,18:51:00,37.6,20:51:00
19,aston_villa2016-01-02,-0.54,19,11:00:00,30.93,13:00:00,39.67,15:00:00,71.71,16:51:00,51.93,18:51:00,32.67,20:51:00
20,aston_villa2016-01-12,1.1,20,15:45:00,16.2,17:45:00,25.27,19:45:00,58.71,21:36:00,53.55,23:36:00,,01:36:00
21,aston_villa2016-01-16,1.55,21,13:30:00,10.47,15:30:00,28.27,17:30:00,79.07,19:21:00,30.07,21:21:00,16.0,23:21:00
22,aston_villa2016-01-23,-0.89,22,11:00:00,34.33,13:00:00,41.67,15:00:00,76.86,16:51:00,51.07,18:51:00,31.67,20:51:00
23,aston_villa2016-02-02,-2.12,23,15:45:00,26.6,17:45:00,41.87,19:45:00,87.93,21:36:00,56.18,23:36:00,,01:36:00
24,aston_villa2016-02-06,-0.6,24,11:00:00,28.67,13:00:00,35.13,15:00:00,76.93,16:51:00,53.73,18:51:00,31.47,20:51:00
25,aston_villa2016-02-14,3.63,25,10:05:00,7.87,12:05:00,19.73,14:05:00,65.5,15:56:00,30.4,17:56:00,16.13,19:56:00
26,aston_villa2016-02-27,-3.34,26,11:00:00,36.6,13:00:00,43.33,15:00:00,83.29,16:51:00,53.93,18:51:00,33.07,20:51:00
27,aston_villa2016-03-01,3.45,27,15:45:00,22.73,17:45:00,42.33,19:45:00,87.07,21:36:00,60.64,23:36:00,,01:36:00
28,aston_villa2016-03-05,-13.79,28,11:00:00,19.47,13:00:00,32.67,15:00:00,85.21,16:51:00,37.53,18:51:00,22.33,20:51:00
29,aston_villa2016-03-13,6.15,29,12:00:00,16.75,14:00:00,35.62,16:00:00,73.0,17:51:00,26.4,19:51:00,13.6,21:51:00
30,aston_villa2016-03-19,-3.34,30,13:30:00,15.13,15:30:00,36.67,17:30:00,80.43,19:21:00,39.0,21:21:00,24.83,23:21:00
31,aston_villa2016-04-02,5.29,31,08:45:00,10.47,10:45:00,43.33,12:45:00,51.36,14:36:00,15.93,16:36:00,9.73,18:36:00
32,aston_villa2016-04-09,1.49,32,11:00:00,24.4,13:00:00,45.47,15:00:00,65.36,16:51:00,34.93,18:51:00,26.07,20:51:00
33,aston_villa2016-04-16,-13.77,33,11:00:00,14.33,13:00:00,58.0,15:00:00,54.79,16:51:00,23.67,18:51:00,17.13,20:51:00
34,aston_villa2016-04-23,5.72,34,11:00:00,32.47,13:00:00,56.93,15:00:00,60.71,16:51:00,32.93,18:51:00,27.73,20:51:00
35,aston_villa2016-04-30,-3.3,35,11:00:00,24.13,13:00:00,41.73,15:00:00,63.86,16:51:00,31.07,18:51:00,23.2,20:51:00
36,aston_villa2016-05-07,4.58,36,11:00:00,20.33,13:00:00,62.53,15:00:00,64.43,16:51:00,23.8,18:51:00,18.53,20:51:00
37,aston_villa2016-05-15,-15.84,37,11:00:00,10.4,13:00:00,45.4,15:00:00,31.86,16:51:00,12.87,18:51:00,9.87,20:51:00
0,chelsea2015-08-08,-8.61,0,13:30:00,30.93,15:30:00,65.07,17:30:00,75.0,19:21:00,34.27,21:21:00,27.75,23:21:00
1,chelsea2015-08-16,-0.89,1,12:00:00,27.06,14:00:00,69.88,16:00:00,73.21,17:51:00,35.73,19:51:00,27.4,21:51:00
2,chelsea2015-08-23,5.0,2,09:30:00,35.67,11:30:00,77.07,13:30:00,72.71,15:21:00,38.93,17:21:00,30.6,19:21:00
3,chelsea2015-08-29,-7.64,3,11:00:00,29.6,13:00:00,46.2,15:00:00,69.0,16:51:00,40.47,18:51:00,31.8,20:51:00
4,chelsea2015-09-12,1.97,4,08:45:00,21.27,10:45:00,59.67,12:45:00,70.86,14:36:00,31.93,16:36:00,24.0,18:36:00
5,chelsea2015-09-19,-0.56,5,08:45:00,25.2,10:45:00,70.67,12:45:00,71.64,14:36:00,31.27,16:36:00,21.6,18:36:00
6,chelsea2015-09-26,4.95,6,13:30:00,26.6,15:30:00,55.4,17:30:00,75.14,19:21:00,33.0,21:21:00,25.83,23:21:00
7,chelsea2015-10-03,-2.18,7,13:30:00,21.6,15:30:00,44.6,17:30:00,73.07,19:21:00,38.4,21:21:00,29.75,23:21:00
8,chelsea2015-10-17,-7.66,8,11:00:00,36.2,13:00:00,73.8,15:00:00,73.71,16:51:00,44.8,18:51:00,38.13,20:51:00
9,chelsea2015-10-24,2.85,9,11:00:00,26.47,13:00:00,52.8,15:00:00,70.86,16:51:00,41.2,18:51:00,32.2,20:51:00
10,chelsea2015-10-31,-0.91,10,08:45:00,15.13,10:45:00,34.33,12:45:00,70.0,14:36:00,50.87,16:36:00,27.27,18:36:00
11,chelsea2015-11-07,1.78,11,13:30:00,17.0,15:30:00,28.4,17:30:00,62.0,19:21:00,52.73,21:21:00,31.0,23:21:00
12,chelsea2015-11-21,-6.59,12,11:00:00,33.93,13:00:00,48.8,15:00:00,86.64,16:51:00,59.07,18:51:00,49.2,20:51:00
13,chelsea2015-11-29,0.58,13,08:00:00,24.75,10:00:00,47.12,12:00:00,82.29,13:51:00,51.53,15:51:00,30.0,17:51:00
14,chelsea2015-12-05,-7.63,14,13:30:00,19.8,15:30:00,31.8,17:30:00,61.29,19:21:00,49.13,21:21:00,29.08,23:21:00
15,chelsea2015-12-14,1.1,15,16:00:00,17.62,18:00:00,31.94,20:00:00,69.71,21:51:00,63.78,23:51:00,,01:51:00
16,chelsea2015-12-19,-9.69,16,11:00:00,30.73,13:00:00,42.73,15:00:00,78.71,16:51:00,50.6,18:51:00,34.93,20:51:00
17,chelsea2015-12-26,-5.53,17,11:00:00,31.93,13:00:00,48.0,15:00:00,88.57,16:51:00,51.07,18:51:00,33.4,20:51:00
18,chelsea2015-12-28,0.58,18,13:30:00,22.0,15:30:00,43.2,17:30:00,75.93,19:21:00,35.0,21:21:00,25.08,23:21:00
19,chelsea2016-01-03,1.83,19,09:30:00,28.07,11:30:00,45.27,13:30:00,82.36,15:21:00,52.27,17:21:00,34.4,19:21:00
20,chelsea2016-01-13,-6.56,20,15:45:00,35.0,17:45:00,52.4,19:45:00,87.29,21:36:00,68.27,23:36:00,,01:36:00
21,chelsea2016-01-16,-2.21,21,11:00:00,21.8,13:00:00,29.47,15:00:00,56.71,16:51:00,46.2,18:51:00,26.93,20:51:00
22,chelsea2016-01-24,-0.94,22,12:00:00,25.12,14:00:00,43.06,16:00:00,81.86,17:51:00,45.13,19:51:00,24.6,21:51:00
23,chelsea2016-02-03,3.15,23,15:45:00,31.8,17:45:00,49.67,19:45:00,85.5,21:36:00,61.82,23:36:00,,01:36:00
24,chelsea2016-02-07,-0.9,24,12:00:00,24.44,14:00:00,43.38,16:00:00,82.21,17:51:00,42.67,19:51:00,21.87,21:51:00
25,chelsea2016-02-13,-5.55,25,13:30:00,27.93,15:30:00,44.0,17:30:00,90.86,19:21:00,53.67,21:21:00,37.75,23:21:00
26,chelsea2016-02-27,0.83,26,11:00:00,25.8,13:00:00,34.67,15:00:00,65.71,16:51:00,49.47,18:51:00,31.33,20:51:00
27,chelsea2016-03-01,4.36,27,15:45:00,26.33,17:45:00,44.53,19:45:00,72.43,21:36:00,59.27,23:36:00,,01:36:00
28,chelsea2016-03-05,-5.49,28,11:00:00,31.47,13:00:00,47.0,15:00:00,87.21,16:51:00,48.47,18:51:00,32.27,20:51:00
29,chelsea2016-03-19,-2.27,29,11:00:00,31.33,13:00:00,44.53,15:00:00,88.93,16:51:00,52.13,18:51:00,33.87,20:51:00
30,chelsea2016-04-02,5.29,30,08:45:00,24.87,10:45:00,65.73,12:45:00,75.36,14:36:00,39.33,16:36:00,29.67,18:36:00
31,chelsea2016-04-09,1.77,31,11:00:00,37.2,13:00:00,73.6,15:00:00,75.57,16:51:00,37.53,18:51:00,31.27,20:51:00
32,chelsea2016-04-16,0.66,32,13:30:00,27.07,15:30:00,70.33,17:30:00,69.79,19:21:00,31.33,21:21:00,27.92,23:21:00
33,chelsea2016-04-23,1.04,33,11:00:00,34.27,13:00:00,64.93,15:00:00,72.64,16:51:00,43.87,18:51:00,37.67,20:51:00
34,chelsea2016-05-02,0.7,34,16:00:00,10.25,18:00:00,35.88,20:00:00,57.57,21:51:00,17.22,23:51:00,,01:51:00
35,chelsea2016-05-07,0.99,35,11:00:00,33.13,13:00:00,61.8,15:00:00,74.07,16:51:00,40.93,18:51:00,33.13,20:51:00
36,chelsea2016-05-11,-1.03,36,16:00:00,31.12,18:00:00,75.31,20:00:00,76.93,21:51:00,41.0,23:51:00,,01:51:00
37,chelsea2016-05-15,-0.7,37,11:00:00,32.67,13:00:00,67.67,15:00:00,70.29,16:51:00,37.0,18:51:00,31.33,20:51:00
0,crystal_palace2015-08-08,0.58,0,11:00:00,28.47,13:00:00,59.47,15:00:00,56.14,16:51:00,33.27,18:51:00,26.47,20:51:00
1,crystal_palace2015-08-16,4.12,1,09:30:00,15.2,11:30:00,64.2,13:30:00,43.5,15:21:00,13.0,17:21:00,8.53,19:21:00
2,crystal_palace2015-08-22,-2.15,2,11:00:00,23.2,13:00:00,45.67,15:00:00,48.71,16:51:00,24.6,18:51:00,19.4,20:51:00
3,crystal_palace2015-08-29,-7.64,3,11:00:00,10.47,13:00:00,40.73,15:00:00,58.93,16:51:00,21.2,18:51:00,14.53,20:51:00
4,crystal_palace2015-09-12,4.45,4,11:00:00,14.8,13:00:00,57.4,15:00:00,57.93,16:51:00,19.2,18:51:00,13.13,20:51:00
5,crystal_palace2015-09-20,-1.01,5,09:30:00,23.6,11:30:00,66.07,13:30:00,50.0,15:21:00,17.6,17:21:00,12.2,19:21:00
6,crystal_palace2015-09-27,0.5,6,12:00:00,36.56,14:00:00,72.0,16:00:00,71.07,17:51:00,27.8,19:51:00,24.6,21:51:00
7,crystal_palace2015-10-03,-2.17,7,08:45:00,27.27,10:45:00,61.4,12:45:00,62.57,14:36:00,17.93,16:36:00,13.73,18:36:00
8,crystal_palace2015-10-17,-0.99,8,11:00:00,34.67,13:00:00,66.2,15:00:00,76.14,16:51:00,36.33,18:51:00,28.67,20:51:00
9,crystal_palace2015-10-24,-0.76,9,11:00:00,36.93,13:00:00,63.6,15:00:00,60.07,16:51:00,31.53,18:51:00,24.67,20:51:00
10,crystal_palace2015-10-31,1.8,10,11:00:00,10.47,13:00:00,27.4,15:00:00,55.93,16:51:00,15.93,18:51:00,6.67,20:51:00
11,crystal_palace2015-11-08,-3.32,11,12:00:00,9.69,14:00:00,30.75,16:00:00,54.64,17:51:00,15.4,19:51:00,7.0,21:51:00
12,crystal_palace2015-11-23,-4.43,12,16:00:00,19.88,18:00:00,37.31,20:00:00,78.93,21:51:00,47.56,23:51:00,,01:51:00
13,crystal_palace2015-11-28,-3.29,13,11:00:00,28.33,13:00:00,37.4,15:00:00,74.5,16:51:00,44.8,18:51:00,30.93,20:51:00
14,crystal_palace2015-12-07,-0.95,14,16:00:00,19.75,18:00:00,36.56,20:00:00,75.07,21:51:00,44.56,23:51:00,,01:51:00
15,crystal_palace2015-12-12,0.55,15,11:00:00,39.6,13:00:00,44.33,15:00:00,82.36,16:51:00,45.73,18:51:00,29.47,20:51:00
16,crystal_palace2015-12-19,-0.54,16,11:00:00,31.93,13:00:00,38.93,15:00:00,73.29,16:51:00,49.33,18:51:00,31.0,20:51:00
17,crystal_palace2015-12-26,0.43,17,11:00:00,35.67,13:00:00,45.6,15:00:00,84.79,16:51:00,46.47,18:51:00,30.53,20:51:00
18,crystal_palace2015-12-28,-0.96,18,11:00:00,36.8,13:00:00,44.47,15:00:00,81.21,16:51:00,38.93,18:51:00,26.0,20:51:00
19,crystal_palace2016-01-03,1.83,19,09:30:00,12.93,11:30:00,35.53,13:30:00,68.71,15:21:00,23.6,17:21:00,12.33,19:21:00
20,crystal_palace2016-01-12,1.1,20,15:45:00,26.6,17:45:00,42.27,19:45:00,83.86,21:36:00,51.27,23:36:00,,01:36:00
21,crystal_palace2016-01-16,-6.61,21,11:00:00,21.33,13:00:00,34.47,15:00:00,65.43,16:51:00,31.0,18:51:00,25.87,20:51:00
22,crystal_palace2016-01-23,1.49,22,11:00:00,20.67,13:00:00,34.0,15:00:00,75.79,16:51:00,54.0,18:51:00,33.6,20:51:00
23,crystal_palace2016-02-02,-0.55,23,16:00:00,22.75,18:00:00,32.62,20:00:00,69.57,21:51:00,46.89,23:51:00,,01:51:00
24,crystal_palace2016-02-06,-0.76,24,11:00:00,32.2,13:00:00,38.2,15:00:00,76.57,16:51:00,42.87,18:51:00,37.0,20:51:00
25,crystal_palace2016-02-13,-0.75,25,11:00:00,32.33,13:00:00,35.6,15:00:00,78.79,16:51:00,51.0,18:51:00,30.13,20:51:00
26,crystal_palace2016-02-27,0.68,26,13:30:00,15.67,15:30:00,40.07,17:30:00,80.43,19:21:00,34.07,21:21:00,23.67,23:21:00
27,crystal_palace2016-03-01,-0.52,27,15:45:00,26.07,17:45:00,42.53,19:45:00,82.0,21:36:00,49.45,23:36:00,,01:36:00
28,crystal_palace2016-03-06,1.65,28,09:30:00,12.67,11:30:00,33.87,13:30:00,69.79,15:21:00,30.93,17:21:00,13.8,19:21:00
29,crystal_palace2016-03-19,0.96,29,11:00:00,13.0,13:00:00,26.8,15:00:00,89.07,16:51:00,35.53,18:51:00,19.13,20:51:00
30,crystal_palace2016-04-02,-2.05,30,11:00:00,18.47,13:00:00,51.2,15:00:00,58.71,16:51:00,23.33,18:51:00,17.47,20:51:00
31,crystal_palace2016-04-09,-0.96,31,11:00:00,32.53,13:00:00,57.6,15:00:00,70.14,16:51:00,30.0,18:51:00,22.4,20:51:00
32,crystal_palace2016-04-13,0.89,32,16:00:00,24.06,18:00:00,56.62,20:00:00,62.57,21:51:00,18.78,23:51:00,,01:51:00
33,crystal_palace2016-04-17,-7.65,33,12:00:00,15.5,14:00:00,60.44,16:00:00,56.71,17:51:00,15.87,19:51:00,11.93,21:51:00
34,crystal_palace2016-04-20,-4.47,34,16:00:00,11.06,18:00:00,53.31,20:00:00,35.86,21:51:00,14.44,23:51:00,,01:51:00
35,crystal_palace2016-04-30,-0.99,35,11:00:00,23.2,13:00:00,57.73,15:00:00,63.5,16:51:00,26.6,18:51:00,20.73,20:51:00
36,crystal_palace2016-05-07,-0.93,36,11:00:00,35.07,13:00:00,54.33,15:00:00,69.21,16:51:00,33.4,18:51:00,26.07,20:51:00
37,crystal_palace2016-05-15,-7.66,37,11:00:00,45.2,13:00:00,74.73,15:00:00,71.0,16:51:00,38.53,18:51:00,32.8,20:51:00
0,everton2015-08-08,-3.28,0,11:00:00,26.2,13:00:00,63.87,15:00:00,59.07,16:51:00,23.67,18:51:00,18.6,20:51:00
1,everton2015-08-15,-2.02,1,08:45:00,15.47,10:45:00,52.0,12:45:00,39.64,14:36:00,14.4,16:36:00,11.0,18:36:00
2,everton2015-08-23,3.85,2,12:00:00,17.31,14:00:00,61.88,16:00:00,53.93,17:51:00,18.07,19:51:00,14.47,21:51:00
3,everton2015-08-29,-2.02,3,13:30:00,23.13,15:30:00,73.07,17:30:00,67.29,19:21:00,30.67,21:21:00,24.92,23:21:00
4,everton2015-09-12,1.97,4,08:45:00,11.53,10:45:00,58.87,12:45:00,61.14,14:36:00,17.6,16:36:00,10.73,18:36:00
5,everton2015-09-19,-0.71,5,11:00:00,30.2,13:00:00,68.27,15:00:00,65.29,16:51:00,28.53,18:51:00,22.47,20:51:00
6,everton2015-09-28,1.01,6,16:00:00,20.06,18:00:00,43.75,20:00:00,68.21,21:51:00,30.89,23:51:00,,01:51:00
7,everton2015-10-04,0.72,7,09:30:00,22.27,11:30:00,68.2,13:30:00,52.71,15:21:00,14.33,17:21:00,8.87,19:21:00
8,everton2015-10-17,1.19,8,11:00:00,18.67,13:00:00,58.13,15:00:00,40.79,16:51:00,16.27,18:51:00,10.87,20:51:00
9,everton2015-10-24,-5.56,9,13:30:00,16.2,15:30:00,67.2,17:30:00,56.5,19:21:00,17.13,21:21:00,15.25,23:21:00
10,everton2015-11-01,-5.5,10,09:30:00,20.27,11:30:00,36.67,13:30:00,71.0,15:21:00,36.87,17:21:00,18.47,19:21:00
11,everton2015-11-07,0.59,11,11:00:00,32.8,13:00:00,43.0,15:00:00,80.86,16:51:00,38.93,18:51:00,23.6,20:51:00
12,everton2015-11-21,-4.42,12,11:00:00,32.13,13:00:00,43.47,15:00:00,86.57,16:51:00,45.53,18:51:00,36.27,20:51:00
13,everton2015-11-28,0.86,13,11:00:00,19.27,13:00:00,23.6,15:00:00,43.79,16:51:00,37.07,18:51:00,20.07,20:51:00
14,everton2015-12-07,-0.95,14,16:00:00,20.0,18:00:00,36.56,20:00:00,78.93,21:51:00,53.67,23:51:00,,01:51:00
15,everton2015-12-12,0.88,15,08:45:00,23.73,10:45:00,47.47,12:45:00,89.79,14:36:00,34.67,16:36:00,15.0,18:36:00
16,everton2015-12-19,-0.92,16,11:00:00,18.67,13:00:00,29.33,15:00:00,84.21,16:51:00,39.8,18:51:00,22.2,20:51:00
17,everton2015-12-26,1.2,17,13:30:00,12.4,15:30:00,32.33,17:30:00,65.57,19:21:00,29.93,21:21:00,15.17,23:21:00
18,everton2015-12-28,-2.06,18,11:00:00,22.27,13:00:00,29.8,15:00:00,74.93,16:51:00,43.0,18:51:00,25.73,20:51:00
19,everton2016-01-03,0.72,19,12:00:00,20.62,14:00:00,41.19,16:00:00,89.5,17:51:00,36.6,19:51:00,16.07,21:51:00
20,everton2016-01-13,-4.48,20,15:45:00,18.0,17:45:00,38.93,19:45:00,81.14,21:36:00,47.91,23:36:00,,01:36:00
21,everton2016-01-16,-2.21,21,11:00:00,13.0,13:00:00,24.87,15:00:00,61.07,16:51:00,37.8,18:51:00,17.13,20:51:00
22,everton2016-01-24,-3.3,22,09:30:00,22.67,11:30:00,45.13,13:30:00,89.29,15:21:00,40.47,17:21:00,18.53,19:21:00
23,everton2016-02-03,-3.34,23,15:45:00,16.33,17:45:00,36.8,19:45:00,77.21,21:36:00,53.55,23:36:00,,01:36:00
24,everton2016-02-06,0.62,24,11:00:00,32.4,13:00:00,42.27,15:00:00,84.0,16:51:00,44.87,18:51:00,28.8,20:51:00
25,everton2016-02-13,-4.48,25,11:00:00,26.2,13:00:00,34.13,15:00:00,84.71,16:51:00,40.67,18:51:00,21.93,20:51:00
26,everton2016-03-01,3.45,26,15:45:00,25.47,17:45:00,44.93,19:45:00,84.43,21:36:00,54.45,23:36:00,,01:36:00
27,everton2016-03-05,-3.29,27,11:00:00,20.87,13:00:00,30.4,15:00:00,71.79,16:51:00,44.67,18:51:00,24.2,20:51:00
28,everton2016-03-19,0.62,28,08:45:00,13.33,10:45:00,32.6,12:45:00,73.14,14:36:00,25.4,16:36:00,11.4,18:36:00
29,everton2016-04-03,-0.92,29,12:00:00,18.19,14:00:00,65.06,16:00:00,61.21,17:51:00,17.13,19:51:00,12.0,21:51:00
30,everton2016-04-09,1.41,30,11:00:00,35.87,13:00:00,71.27,15:00:00,73.07,16:51:00,37.73,18:51:00,30.47,20:51:00
31,everton2016-04-13,0.89,31,16:00:00,21.12,18:00:00,52.38,20:00:00,61.93,21:51:00,21.44,23:51:00,,01:51:00
32,everton2016-04-16,0.63,32,11:00:00,34.13,13:00:00,56.13,15:00:00,73.79,16:51:00,32.93,18:51:00,23.67,20:51:00
33,everton2016-04-20,-2.3,33,16:00:00,17.75,18:00:00,62.5,20:00:00,78.07,21:51:00,35.11,23:51:00,,01:51:00
34,everton2016-04-30,-1.0,34,11:00:00,38.73,13:00:00,69.87,15:00:00,72.07,16:51:00,36.47,18:51:00,27.73,20:51:00
35,everton2016-05-07,-2.11,35,13:30:00,19.07,15:30:00,68.47,17:30:00,65.57,19:21:00,24.87,21:21:00,20.17,23:21:00
36,everton2016-05-11,-2.27,36,15:45:00,17.8,17:45:00,53.87,19:45:00,71.71,21:36:00,30.73,23:36:00,,01:36:00
37,everton2016-05-15,-2.23,37,11:00:00,44.93,13:00:00,69.0,15:00:00,74.79,16:51:00,43.6,18:51:00,40.93,20:51:00
0,leicester_city2015-08-08,-1.01,0,11:00:00,16.07,13:00:00,49.93,15:00:00,43.5,16:51:00,21.4,18:51:00,19.93,20:51:00
1,leicester_city2015-08-15,-0.74,1,11:00:00,22.0,13:00:00,47.6,15:00:00,57.21,16:51:00,31.8,18:51:00,25.8,20:51:00
2,leicester_city2015-08-22,0.67,2,11:00:00,15.87,13:00:00,51.6,15:00:00,57.57,16:51:00,20.73,18:51:00,16.13,20:51:00
3,leicester_city2015-08-29,-0.81,3,11:00:00,29.87,13:00:00,57.4,15:00:00,66.36,16:51:00,31.33,18:51:00,25.8,20:51:00
4,leicester_city2015-09-13,-2.11,4,12:00:00,10.31,14:00:00,28.75,16:00:00,52.43,17:51:00,19.2,19:51:00,16.47,21:51:00
5,leicester_city2015-09-19,0.49,5,11:00:00,23.8,13:00:00,52.8,15:00:00,69.79,16:51:00,35.67,18:51:00,26.93,20:51:00
6,leicester_city2015-09-26,3.28,6,11:00:00,15.6,13:00:00,62.27,15:00:00,51.43,16:51:00,20.27,18:51:00,16.0,20:51:00
7,leicester_city2015-10-03,-0.73,7,11:00:00,30.67,13:00:00,61.8,15:00:00,76.14,16:51:00,40.4,18:51:00,30.47,20:51:00
8,leicester_city2015-10-17,-2.24,8,11:00:00,20.2,13:00:00,39.07,15:00:00,57.07,16:51:00,31.53,18:51:00,24.73,20:51:00
9,leicester_city2015-10-24,-0.76,9,11:00:00,28.47,13:00:00,49.4,15:00:00,70.43,16:51:00,32.47,18:51:00,25.53,20:51:00
10,leicester_city2015-10-31,0.82,10,11:00:00,15.53,13:00:00,19.27,15:00:00,58.14,16:51:00,48.8,18:51:00,27.87,20:51:00
11,leicester_city2015-11-07,-2.15,11,11:00:00,14.6,13:00:00,18.8,15:00:00,54.64,16:51:00,42.33,18:51:00,26.0,20:51:00
12,leicester_city2015-11-21,0.79,12,11:00:00,10.13,13:00:00,13.0,15:00:00,48.93,16:51:00,50.87,18:51:00,54.13,20:51:00
13,leicester_city2015-11-28,1.08,13,13:30:00,8.33,15:30:00,21.67,17:30:00,69.07,19:21:00,20.53,21:21:00,13.08,23:21:00
14,leicester_city2015-12-05,0.69,14,11:00:00,7.53,13:00:00,15.4,15:00:00,65.21,16:51:00,44.47,18:51:00,26.8,20:51:00
15,leicester_city2015-12-14,1.1,15,16:00:00,5.44,18:00:00,14.25,20:00:00,55.43,21:51:00,49.0,23:51:00,,01:51:00
16,leicester_city2015-12-19,-0.92,16,11:00:00,10.2,13:00:00,14.13,15:00:00,59.29,16:51:00,46.93,18:51:00,26.47,20:51:00
17,leicester_city2015-12-26,-1.07,17,11:00:00,16.93,13:00:00,35.13,15:00:00,84.64,16:51:00,36.33,18:51:00,20.33,20:51:00
18,leicester_city2015-12-29,3.07,18,15:45:00,14.47,17:45:00,35.67,19:45:00,80.14,21:36:00,38.45,23:36:00,,01:36:00
19,leicester_city2016-01-02,-2.08,19,11:00:00,12.33,13:00:00,18.27,15:00:00,57.29,16:51:00,35.2,18:51:00,18.4,20:51:00
20,leicester_city2016-01-13,-2.24,20,16:00:00,5.38,18:00:00,10.44,20:00:00,35.86,21:51:00,40.78,23:51:00,,01:51:00
21,leicester_city2016-01-16,1.55,21,13:30:00,14.33,15:30:00,31.87,17:30:00,86.07,19:21:00,38.53,21:21:00,21.92,23:21:00
22,leicester_city2016-01-23,-0.95,22,11:00:00,12.4,13:00:00,19.07,15:00:00,63.5,16:51:00,46.73,18:51:00,30.13,20:51:00
23,leicester_city2016-02-02,0.59,23,15:45:00,7.0,17:45:00,17.0,19:45:00,62.93,21:36:00,55.0,23:36:00,,01:36:00
24,leicester_city2016-02-06,-3.39,24,08:45:00,4.93,10:45:00,15.47,12:45:00,69.43,14:36:00,35.53,16:36:00,17.07,18:36:00
25,leicester_city2016-02-14,-2.27,25,08:00:00,7.44,10:00:00,18.94,12:00:00,68.86,13:51:00,36.53,15:51:00,16.8,17:51:00
26,leicester_city2016-02-27,-4.49,26,11:00:00,6.87,13:00:00,10.73,15:00:00,42.14,16:51:00,28.13,18:51:00,13.53,20:51:00
27,leicester_city2016-03-01,-3.29,27,15:45:00,8.8,17:45:00,19.27,19:45:00,80.79,21:36:00,46.82,23:36:00,,01:36:00
28,leicester_city2016-03-05,0.88,28,13:30:00,13.4,15:30:00,17.07,17:30:00,51.14,19:21:00,32.53,21:21:00,19.5,23:21:00
29,leicester_city2016-03-14,-4.42,29,16:00:00,6.81,18:00:00,16.5,20:00:00,60.14,21:51:00,49.22,23:51:00,,01:51:00
30,leicester_city2016-03-19,0.96,30,11:00:00,8.07,13:00:00,16.13,15:00:00,57.0,16:51:00,40.2,18:51:00,21.4,20:51:00
31,leicester_city2016-04-03,-0.76,31,09:30:00,8.53,11:30:00,34.47,13:30:00,52.79,15:21:00,22.33,17:21:00,14.13,19:21:00
32,leicester_city2016-04-10,1.42,32,09:30:00,6.47,11:30:00,23.67,13:30:00,52.79,15:21:00,25.8,17:21:00,15.2,19:21:00
33,leicester_city2016-04-17,-2.06,33,09:30:00,7.73,11:30:00,35.6,13:30:00,60.43,15:21:00,20.93,17:21:00,11.93,19:21:00
34,leicester_city2016-04-24,-3.26,34,12:15:00,13.07,14:15:00,50.73,16:15:00,68.14,18:06:00,23.67,20:06:00,19.53,22:06:00
35,leicester_city2016-05-01,-0.92,35,10:05:00,13.8,12:05:00,53.27,14:05:00,66.36,15:56:00,22.67,17:56:00,12.73,19:56:00
36,leicester_city2016-05-07,-2.11,36,13:30:00,14.2,15:30:00,46.67,17:30:00,67.71,19:21:00,27.87,21:21:00,23.58,23:21:00
37,leicester_city2016-05-15,-0.7,37,11:00:00,22.4,13:00:00,58.13,15:00:00,72.14,16:51:00,34.6,18:51:00,24.87,20:51:00
0,liverpool2015-08-09,1.36,0,12:00:00,34.25,14:00:00,68.19,16:00:00,71.43,17:51:00,37.07,19:51:00,31.6,21:51:00
1,liverpool2015-08-17,-5.54,1,16:00:00,36.88,18:00:00,74.56,20:00:00,80.93,21:51:00,45.33,23:51:00,,01:51:00
2,liverpool2015-08-24,-3.26,2,16:00:00,28.88,18:00:00,68.12,20:00:00,72.36,21:51:00,36.33,23:51:00,,01:51:00
3,liverpool2015-08-29,-6.63,3,11:00:00,35.2,13:00:00,67.6,15:00:00,65.71,16:51:00,38.0,18:51:00,31.13,20:51:00
4,liverpool2015-09-12,-2.02,4,13:30:00,25.6,15:30:00,68.47,17:30:00,63.21,19:21:00,28.4,21:21:00,24.0,23:21:00
5,liverpool2015-09-20,-3.33,5,12:00:00,31.12,14:00:00,66.06,16:00:00,59.79,17:51:00,31.0,19:51:00,29.67,21:51:00
6,liverpool2015-09-26,-4.47,6,11:00:00,34.13,13:00:00,62.13,15:00:00,61.0,16:51:00,38.2,18:51:00,33.27,20:51:00
7,liverpool2015-10-04,0.72,7,09:30:00,30.27,11:30:00,60.13,13:30:00,55.0,15:21:00,28.53,17:21:00,64.33,19:21:00
8,liverpool2015-10-17,0.48,8,08:45:00,30.07,10:45:00,70.2,12:45:00,60.14,14:36:00,30.13,16:36:00,24.0,18:36:00
9,liverpool2015-10-25,-0.92,9,12:15:00,33.6,14:15:00,50.47,16:15:00,86.57,18:06:00,55.07,20:06:00,38.67,22:06:00
10,liverpool2015-10-31,-0.91,10,08:45:00,19.0,10:45:00,38.93,12:45:00,74.93,14:36:00,49.93,16:36:00,26.27,18:36:00
11,liverpool2015-11-08,-3.32,11,12:00:00,29.88,14:00:00,47.69,16:00:00,75.71,17:51:00,40.13,19:51:00,28.27,21:51:00
12,liverpool2015-11-21,-3.31,12,13:30:00,19.4,15:30:00,30.27,17:30:00,80.43,19:21:00,49.4,21:21:00,35.33,23:21:00
13,liverpool2015-11-29,-5.53,13,12:15:00,30.2,14:15:00,47.87,16:15:00,74.0,18:06:00,45.6,20:06:00,32.27,22:06:00
14,liverpool2015-12-06,4.55,14,12:00:00,34.44,14:00:00,50.0,16:00:00,76.86,17:51:00,49.73,19:51:00,32.0,21:51:00
15,liverpool2015-12-13,-7.59,15,12:00:00,29.38,14:00:00,47.5,16:00:00,79.71,17:51:00,50.13,19:51:00,34.13,21:51:00
16,liverpool2015-12-20,3.03,16,09:30:00,32.8,11:30:00,50.8,13:30:00,87.86,15:21:00,53.4,17:21:00,34.0,19:21:00
17,liverpool2015-12-26,-1.07,17,11:00:00,28.27,13:00:00,43.73,15:00:00,83.43,16:51:00,48.73,18:51:00,30.93,20:51:00
18,liverpool2015-12-30,4.15,18,15:45:00,28.07,17:45:00,42.4,19:45:00,73.86,21:36:00,60.64,23:36:00,,01:36:00
19,liverpool2016-01-02,1.87,19,08:45:00,32.2,10:45:00,52.87,12:45:00,88.07,14:36:00,49.2,16:36:00,33.33,18:36:00
20,liverpool2016-01-13,0.85,20,16:00:00,22.19,18:00:00,38.88,20:00:00,78.36,21:51:00,59.67,23:51:00,,01:51:00
21,liverpool2016-01-17,-0.69,21,10:05:00,27.27,12:05:00,49.0,14:05:00,80.21,15:56:00,39.33,17:56:00,20.27,19:56:00
22,liverpool2016-01-23,3.16,22,08:45:00,20.8,10:45:00,29.93,12:45:00,57.29,14:36:00,50.53,16:36:00,30.53,18:36:00
23,liverpool2016-02-02,0.59,23,15:45:00,28.67,17:45:00,48.2,19:45:00,83.79,21:36:00,67.36,23:36:00,,01:36:00
24,liverpool2016-02-06,-6.57,24,11:00:00,31.73,13:00:00,41.47,15:00:00,69.14,16:51:00,49.33,18:51:00,33.27,20:51:00
25,liverpool2016-02-14,3.63,25,10:05:00,24.67,12:05:00,34.13,14:05:00,73.5,15:56:00,48.73,17:56:00,32.67,19:56:00
26,liverpool2016-03-02,0.61,26,16:00:00,26.75,18:00:00,41.88,20:00:00,83.71,21:51:00,67.78,23:51:00,,01:51:00
27,liverpool2016-03-06,1.65,27,09:30:00,26.0,11:30:00,38.67,13:30:00,64.86,15:21:00,48.33,17:21:00,31.0,19:21:00
28,liverpool2016-03-20,0.6,28,09:30:00,28.8,11:30:00,46.93,13:30:00,82.0,15:21:00,43.47,17:21:00,27.8,19:21:00
29,liverpool2016-04-02,0.53,29,13:30:00,27.93,15:30:00,65.47,17:30:00,72.43,19:21:00,33.07,21:21:00,26.92,23:21:00
30,liverpool2016-04-10,-3.42,30,12:00:00,30.62,14:00:00,68.81,16:00:00,67.57,17:51:00,34.07,19:51:00,29.87,21:51:00
31,liverpool2016-04-17,1.52,31,09:30:00,40.0,11:30:00,76.8,13:30:00,68.5,15:21:00,39.67,17:21:00,33.13,19:21:00
32,liverpool2016-04-20,-2.3,32,16:00:00,24.06,18:00:00,53.56,20:00:00,74.0,21:51:00,39.33,23:51:00,,01:51:00
33,liverpool2016-04-23,-3.42,33,11:00:00,37.27,13:00:00,67.2,15:00:00,68.93,16:51:00,35.6,18:51:00,30.07,20:51:00
34,liverpool2016-05-01,1.09,34,08:00:00,37.0,10:00:00,74.88,12:00:00,76.79,13:51:00,39.2,15:51:00,29.6,17:51:00
35,liverpool2016-05-08,-4.5,35,12:00:00,39.0,14:00:00,69.12,16:00:00,73.5,17:51:00,41.13,19:51:00,39.53,21:51:00
36,liverpool2016-05-11,-1.03,36,16:00:00,29.56,18:00:00,68.69,20:00:00,74.43,21:51:00,39.0,23:51:00,,01:51:00
37,liverpool2016-05-15,0.39,37,11:00:00,47.27,13:00:00,76.4,15:00:00,75.14,16:51:00,47.4,18:51:00,46.73,20:51:00
0,manchester_city2015-08-10,4.45,0,16:00:00,28.56,18:00:00,73.31,20:00:00,75.0,21:51:00,34.89,23:51:00,,01:51:00
1,manchester_city2015-08-16,-0.89,1,12:00:00,19.38,14:00:00,66.88,16:00:00,71.71,17:51:00,27.0,19:51:00,18.8,21:51:00
2,manchester_city2015-08-23,3.85,2,12:00:00,21.44,14:00:00,63.5,16:00:00,73.36,17:51:00,26.93,19:51:00,19.27,21:51:00
3,manchester_city2015-08-29,-11.79,3,11:00:00,29.6,13:00:00,59.4,15:00:00,72.57,16:51:00,39.47,18:51:00,31.4,20:51:00
4,manchester_city2015-09-12,4.45,4,11:00:00,13.8,13:00:00,39.93,15:00:00,56.07,16:51:00,25.87,18:51:00,17.87,20:51:00
5,manchester_city2015-09-19,-9.72,5,13:30:00,14.67,15:30:00,48.33,17:30:00,67.64,19:21:00,22.13,21:21:00,17.17,23:21:00
6,manchester_city2015-09-26,3.09,6,08:45:00,14.13,10:45:00,48.13,12:45:00,67.5,14:36:00,25.27,16:36:00,14.47,18:36:00
7,manchester_city2015-10-03,-10.75,7,11:00:00,13.07,13:00:00,36.67,15:00:00,56.43,16:51:00,23.13,18:51:00,17.8,20:51:00
8,manchester_city2015-10-17,-7.66,8,11:00:00,25.27,13:00:00,61.27,15:00:00,66.43,16:51:00,34.87,18:51:00,26.07,20:51:00
9,manchester_city2015-10-25,0.61,9,10:05:00,19.2,12:05:00,41.8,14:05:00,75.0,15:56:00,29.53,17:56:00,11.8,19:56:00
10,manchester_city2015-10-31,-9.71,10,11:00:00,17.53,13:00:00,26.47,15:00:00,68.29,16:51:00,37.07,18:51:00,18.93,20:51:00
11,manchester_city2015-11-08,6.63,11,09:30:00,16.47,11:30:00,35.73,13:30:00,79.29,15:21:00,39.67,17:21:00,21.8,19:21:00
12,manchester_city2015-11-21,-3.31,12,13:30:00,12.27,15:30:00,27.33,17:30:00,83.0,19:21:00,37.6,21:21:00,23.67,23:21:00
13,manchester_city2015-11-28,-3.42,13,11:00:00,33.93,13:00:00,48.2,15:00:00,90.5,16:51:00,82.93,18:51:00,50.67,20:51:00
14,manchester_city2015-12-05,4.15,14,08:45:00,15.87,10:45:00,33.27,12:45:00,95.57,14:36:00,46.73,16:36:00,23.53,18:36:00
15,manchester_city2015-12-12,-8.69,15,11:00:00,22.2,13:00:00,33.73,15:00:00,70.36,16:51:00,42.67,18:51:00,26.93,20:51:00
16,manchester_city2015-12-21,-0.6,16,16:00:00,17.69,18:00:00,43.12,20:00:00,83.14,21:51:00,51.89,23:51:00,,01:51:00
17,manchester_city2015-12-26,-12.79,17,11:00:00,30.0,13:00:00,49.67,15:00:00,67.93,16:51:00,31.8,18:51:00,21.33,20:51:00
18,manchester_city2015-12-29,3.07,18,15:45:00,20.33,17:45:00,45.27,19:45:00,88.43,21:36:00,47.64,23:36:00,,01:36:00
19,manchester_city2016-01-02,3.93,19,13:30:00,14.47,15:30:00,32.6,17:30:00,71.57,19:21:00,35.33,21:21:00,19.25,23:21:00
20,manchester_city2016-01-13,-4.48,20,15:45:00,17.93,17:45:00,36.53,19:45:00,77.71,21:36:00,55.09,23:36:00,,01:36:00
21,manchester_city2016-01-16,-6.61,21,11:00:00,30.93,13:00:00,43.8,15:00:00,88.86,16:51:00,54.53,18:51:00,33.87,20:51:00
22,manchester_city2016-01-23,3.91,22,13:30:00,14.07,15:30:00,32.87,17:30:00,77.07,19:21:00,35.6,21:21:00,20.33,23:21:00
23,manchester_city2016-02-02,6.15,23,15:45:00,22.13,17:45:00,39.47,19:45:00,82.43,21:36:00,59.91,23:36:00,,01:36:00
24,manchester_city2016-02-06,-3.39,24,08:45:00,8.93,10:45:00,23.87,12:45:00,78.71,14:36:00,34.47,16:36:00,15.53,18:36:00
25,manchester_city2016-02-14,-0.92,25,12:15:00,15.53,14:15:00,31.87,16:15:00,75.79,18:06:00,38.73,20:06:00,16.67,22:06:00
26,manchester_city2016-03-02,0.61,26,16:00:00,13.56,18:00:00,34.06,20:00:00,79.36,21:51:00,54.78,23:51:00,,01:51:00
27,manchester_city2016-03-05,-13.79,27,11:00:00,21.8,13:00:00,35.47,15:00:00,79.86,16:51:00,43.07,18:51:00,30.0,20:51:00
28,manchester_city2016-03-12,4.95,28,08:45:00,18.07,10:45:00,33.53,12:45:00,76.86,14:36:00,39.27,16:36:00,18.53,18:36:00
29,manchester_city2016-03-20,-2.17,29,12:00:00,14.81,14:00:00,31.12,16:00:00,76.71,17:51:00,39.6,19:51:00,15.87,21:51:00
30,manchester_city2016-04-02,1.71,30,11:00:00,30.4,13:00:00,68.13,15:00:00,62.71,16:51:00,33.8,18:51:00,27.67,20:51:00
31,manchester_city2016-04-09,-7.67,31,13:30:00,21.87,15:30:00,57.2,17:30:00,70.21,19:21:00,25.8,21:21:00,19.5,23:21:00
32,manchester_city2016-04-16,0.66,32,13:30:00,19.8,15:30:00,67.13,17:30:00,69.0,19:21:00,25.07,21:21:00,19.75,23:21:00
33,manchester_city2016-04-19,4.91,33,15:45:00,17.8,17:45:00,51.73,19:45:00,66.14,21:36:00,24.64,23:36:00,,01:36:00
34,manchester_city2016-04-23,-8.69,34,08:45:00,28.93,10:45:00,70.2,12:45:00,75.64,14:36:00,31.13,16:36:00,24.8,18:36:00
35,manchester_city2016-05-01,0.72,35,12:30:00,50.4,14:30:00,66.67,16:30:00,67.14,18:21:00,24.8,20:21:00,17.93,22:21:00
36,manchester_city2016-05-08,0.52,36,12:00:00,14.62,14:00:00,46.75,16:00:00,61.79,17:51:00,19.8,19:51:00,14.33,21:51:00
37,manchester_city2016-05-15,5.04,37,11:00:00,12.4,13:00:00,42.47,15:00:00,66.21,16:51:00,19.2,18:51:00,12.53,20:51:00
0,manchester_united2015-08-08,-3.35,0,08:45:00,36.8,10:45:00,70.6,12:45:00,55.86,14:36:00,26.87,16:36:00,21.73,18:36:00
1,manchester_united2015-08-14,4.43,1,15:45:00,40.8,17:45:00,71.13,19:45:00,74.21,21:36:00,41.18,23:36:00,,01:36:00
2,manchester_united2015-08-22,-7.63,2,08:45:00,47.2,10:45:00,76.33,12:45:00,69.43,14:36:00,34.33,16:36:00,31.13,18:36:00
3,manchester_united2015-08-30,1.45,3,12:00:00,40.0,14:00:00,59.44,16:00:00,72.79,17:51:00,40.0,19:51:00,33.13,21:51:00
4,manchester_united2015-09-12,-2.02,4,13:30:00,22.13,15:30:00,53.47,17:30:00,67.14,19:21:00,30.33,21:21:00,22.25,23:21:00
5,manchester_united2015-09-20,1.12,5,12:00:00,32.25,14:00:00,59.81,16:00:00,78.29,17:51:00,41.93,19:51:00,30.73,21:51:00
6,manchester_united2015-09-26,-12.78,6,11:00:00,34.0,13:00:00,68.93,15:00:00,75.36,16:51:00,41.67,18:51:00,36.33,20:51:00
7,manchester_united2015-10-04,-0.99,7,12:00:00,25.31,14:00:00,64.56,16:00:00,56.21,17:51:00,23.8,19:51:00,17.13,21:51:00
8,manchester_united2015-10-17,1.19,8,11:00:00,34.53,13:00:00,74.73,15:00:00,72.07,16:51:00,44.13,18:51:00,35.33,20:51:00
9,manchester_united2015-10-25,0.61,9,10:05:00,27.07,12:05:00,48.67,14:05:00,76.57,15:56:00,34.2,17:56:00,17.07,19:56:00
10,manchester_united2015-10-31,1.8,10,11:00:00,27.8,13:00:00,42.87,15:00:00,78.07,16:51:00,45.93,18:51:00,25.27,20:51:00
11,manchester_united2015-11-07,-9.66,11,11:00:00,35.27,13:00:00,50.47,15:00:00,81.57,16:51:00,56.07,18:51:00,38.27,20:51:00
12,manchester_united2015-11-21,2.07,12,08:45:00,27.87,10:45:00,47.8,12:45:00,72.71,14:36:00,46.13,16:36:00,29.07,18:36:00
13,manchester_united2015-11-28,1.08,13,13:30:00,23.53,15:30:00,43.4,17:30:00,90.64,19:21:00,43.4,21:21:00,21.92,23:21:00
14,manchester_united2015-12-05,-6.57,14,11:00:00,31.13,13:00:00,50.07,15:00:00,79.64,16:51:00,47.27,18:51:00,30.13,20:51:00
15,manchester_united2015-12-12,1.31,15,13:30:00,18.6,15:30:00,33.13,17:30:00,69.36,19:21:00,46.73,21:21:00,24.5,23:21:00
16,manchester_united2015-12-19,-6.55,16,11:00:00,27.47,13:00:00,36.27,15:00:00,72.64,16:51:00,63.2,18:51:00,40.33,20:51:00
17,manchester_united2015-12-26,1.2,17,08:45:00,20.93,10:45:00,37.87,12:45:00,84.0,14:36:00,57.8,16:36:00,38.2,18:36:00
18,manchester_united2015-12-28,0.58,18,13:30:00,23.33,15:30:00,43.93,17:30:00,81.57,19:21:00,46.13,21:21:00,24.08,23:21:00
19,manchester_united2016-01-02,-5.46,19,11:00:00,35.93,13:00:00,48.8,15:00:00,80.5,16:51:00,60.6,18:51:00,39.8,20:51:00
20,manchester_united2016-01-12,4.01,20,15:45:00,23.4,17:45:00,41.6,19:45:00,71.79,21:36:00,58.27,23:36:00,,01:36:00
21,manchester_united2016-01-17,-0.69,21,10:05:00,29.4,12:05:00,51.27,14:05:00,79.43,15:56:00,45.47,17:56:00,25.0,19:56:00
22,manchester_united2016-01-23,-2.1,22,11:00:00,28.93,13:00:00,38.73,15:00:00,66.64,16:51:00,57.93,18:51:00,37.2,20:51:00
23,manchester_united2016-02-02,-3.33,23,16:00:00,25.38,18:00:00,52.38,20:00:00,82.86,21:51:00,57.67,23:51:00,,01:51:00
24,manchester_united2016-02-07,-0.9,24,12:00:00,24.88,14:00:00,41.69,16:00:00,81.21,17:51:00,44.33,19:51:00,18.73,21:51:00
25,manchester_united2016-02-13,3.97,25,08:45:00,23.53,10:45:00,39.53,12:45:00,75.71,14:36:00,49.53,16:36:00,28.6,18:36:00
26,manchester_united2016-02-28,1.09,26,10:05:00,19.93,12:05:00,35.33,14:05:00,72.14,15:56:00,41.33,17:56:00,22.87,19:56:00
27,manchester_united2016-03-02,-3.34,27,16:00:00,16.25,18:00:00,35.12,20:00:00,62.93,21:51:00,51.0,23:51:00,,01:51:00
28,manchester_united2016-03-06,3.15,28,12:00:00,28.06,14:00:00,41.62,16:00:00,82.5,17:51:00,47.0,19:51:00,21.4,21:51:00
29,manchester_united2016-03-20,-2.17,29,12:00:00,16.81,14:00:00,30.75,16:00:00,68.64,17:51:00,42.93,19:51:00,19.27,21:51:00
30,manchester_united2016-04-03,-0.92,30,12:00:00,23.88,14:00:00,52.94,16:00:00,67.21,17:51:00,28.13,19:51:00,20.13,21:51:00
31,manchester_united2016-04-10,-2.08,31,12:30:00,23.67,14:30:00,64.53,16:30:00,62.86,18:21:00,23.13,20:21:00,16.53,22:21:00
32,manchester_united2016-04-16,-13.77,32,11:00:00,33.13,13:00:00,72.07,15:00:00,72.0,16:51:00,40.13,18:51:00,30.73,20:51:00
33,manchester_united2016-04-20,-4.47,33,16:00:00,24.31,18:00:00,66.31,20:00:00,67.43,21:51:00,31.44,23:51:00,,01:51:00
34,manchester_united2016-05-01,-0.92,34,10:05:00,22.2,12:05:00,68.8,14:05:00,66.64,15:56:00,23.53,17:56:00,13.4,19:56:00
35,manchester_united2016-05-07,3.4,35,08:45:00,27.2,10:45:00,59.67,12:45:00,72.93,14:36:00,32.73,16:36:00,25.8,18:36:00
36,manchester_united2016-05-10,0.97,36,16:30:00,21.73,18:30:00,63.53,20:30:00,65.71,22:21:00,,00:21:00,3.6,02:21:00
37,manchester_united2016-05-17,-3.33,37,16:00:00,28.44,18:00:00,62.44,20:00:00,77.29,21:51:00,35.67,23:51:00,,01:51:00
0,newcastle_united2015-08-09,0.83,0,09:30:00,54.93,11:30:00,78.33,13:30:00,61.93,15:21:00,37.27,17:21:00,34.0,19:21:00
1,newcastle_united2015-08-15,-2.05,1,11:00:00,61.53,13:00:00,73.67,15:00:00,65.21,16:51:00,48.27,18:51:00,49.2,20:51:00
2,newcastle_united2015-08-22,-7.63,2,08:45:00,23.47,10:45:00,63.73,12:45:00,47.64,14:36:00,16.53,16:36:00,12.13,18:36:00
3,newcastle_united2015-08-29,4.83,3,08:45:00,28.47,10:45:00,67.87,12:45:00,53.21,14:36:00,20.67,16:36:00,15.87,18:36:00
4,newcastle_united2015-09-14,-0.75,4,16:00:00,42.25,18:00:00,74.31,20:00:00,85.36,21:51:00,49.22,23:51:00,,01:51:00
5,newcastle_united2015-09-19,0.5,5,11:00:00,60.07,13:00:00,70.13,15:00:00,68.07,16:51:00,48.93,18:51:00,51.27,20:51:00
6,newcastle_united2015-09-26,4.95,6,13:30:00,19.93,15:30:00,53.67,17:30:00,68.21,19:21:00,27.0,21:21:00,24.42,23:21:00
7,newcastle_united2015-10-03,-10.75,7,11:00:00,33.07,13:00:00,52.8,15:00:00,65.14,16:51:00,36.53,18:51:00,30.67,20:51:00
8,newcastle_united2015-10-18,0.6,8,12:00:00,34.81,14:00:00,58.31,16:00:00,71.5,17:51:00,44.33,19:51:00,46.87,21:51:00
9,newcastle_united2015-10-25,0.59,9,08:00:00,38.25,10:00:00,53.06,12:00:00,88.14,13:51:00,47.0,15:51:00,29.87,17:51:00
10,newcastle_united2015-10-31,-0.6,10,11:00:00,73.27,13:00:00,66.6,15:00:00,89.57,16:51:00,66.27,18:51:00,61.87,20:51:00
11,newcastle_united2015-11-07,-0.77,11,08:45:00,64.2,10:45:00,73.53,12:45:00,93.64,14:36:00,56.53,16:36:00,43.13,18:36:00
12,newcastle_united2015-11-21,0.79,12,11:00:00,70.87,13:00:00,65.93,15:00:00,93.07,16:51:00,69.0,18:51:00,67.73,20:51:00
13,newcastle_united2015-11-28,-3.29,13,11:00:00,75.4,13:00:00,70.53,15:00:00,87.43,16:51:00,78.87,18:51:00,73.4,20:51:00
14,newcastle_united2015-12-06,4.55,14,12:00:00,27.62,14:00:00,43.69,16:00:00,78.86,17:51:00,42.6,19:51:00,28.4,21:51:00
15,newcastle_united2015-12-13,-6.62,15,12:00:00,27.94,14:00:00,34.69,16:00:00,56.29,17:51:00,49.07,19:51:00,38.47,21:51:00
16,newcastle_united2015-12-19,-0.98,16,13:30:00,29.67,15:30:00,46.53,17:30:00,88.21,19:21:00,52.47,21:21:00,44.0,23:21:00
17,newcastle_united2015-12-26,1.2,17,13:30:00,27.87,15:30:00,45.27,17:30:00,78.36,19:21:00,46.8,21:21:00,39.25,23:21:00
18,newcastle_united2015-12-28,-0.81,18,11:00:00,81.53,13:00:00,70.0,15:00:00,89.29,16:51:00,72.4,18:51:00,71.47,20:51:00
19,newcastle_united2016-01-02,-9.72,19,11:00:00,28.93,13:00:00,37.4,15:00:00,62.57,16:51:00,31.8,18:51:00,25.07,20:51:00
20,newcastle_united2016-01-12,4.01,20,15:45:00,22.33,17:45:00,41.07,19:45:00,74.43,21:36:00,55.91,23:36:00,,01:36:00
21,newcastle_united2016-01-16,0.52,21,11:00:00,54.87,13:00:00,54.8,15:00:00,86.57,16:51:00,61.0,18:51:00,50.13,20:51:00
22,newcastle_united2016-01-23,-0.94,22,11:00:00,73.6,13:00:00,69.73,15:00:00,88.64,16:51:00,68.53,18:51:00,63.6,20:51:00
23,newcastle_united2016-02-03,-3.34,23,15:45:00,35.27,17:45:00,53.4,19:45:00,85.29,21:36:00,75.27,23:36:00,,01:36:00
24,newcastle_united2016-02-06,-0.83,24,11:00:00,64.13,13:00:00,60.8,15:00:00,87.36,16:51:00,67.0,18:51:00,55.33,20:51:00
25,newcastle_united2016-02-13,-5.55,25,13:30:00,26.6,15:30:00,40.93,17:30:00,81.79,19:21:00,44.8,21:21:00,36.0,23:21:00
26,newcastle_united2016-03-02,-2.05,26,15:45:00,39.6,17:45:00,50.33,19:45:00,83.71,21:36:00,77.27,23:36:00,,01:36:00
27,newcastle_united2016-03-05,0.6,27,11:00:00,54.07,13:00:00,48.8,15:00:00,77.71,16:51:00,65.93,18:51:00,55.8,20:51:00
28,newcastle_united2016-03-14,-4.42,28,16:00:00,18.94,18:00:00,39.19,20:00:00,90.36,21:51:00,56.22,23:51:00,,01:51:00
29,newcastle_united2016-03-20,-0.88,29,09:30:00,31.53,11:30:00,43.8,13:30:00,81.86,15:21:00,39.0,17:21:00,23.07,19:21:00
30,newcastle_united2016-04-02,-0.8,30,11:00:00,42.2,13:00:00,57.27,15:00:00,68.0,16:51:00,37.53,18:51:00,34.93,20:51:00
31,newcastle_united2016-04-09,-4.45,31,11:00:00,59.0,13:00:00,75.8,15:00:00,72.0,16:51:00,49.0,18:51:00,46.67,20:51:00
32,newcastle_united2016-04-16,-0.71,32,11:00:00,43.53,13:00:00,57.53,15:00:00,69.79,16:51:00,38.4,18:51:00,33.27,20:51:00
33,newcastle_united2016-04-19,4.91,33,15:45:00,20.13,17:45:00,49.27,19:45:00,68.36,21:36:00,32.55,23:36:00,,01:36:00
34,newcastle_united2016-04-23,-3.42,34,11:00:00,27.53,13:00:00,57.27,15:00:00,59.07,16:51:00,25.4,18:51:00,21.67,20:51:00
35,newcastle_united2016-04-30,-0.99,35,11:00:00,28.07,13:00:00,39.4,15:00:00,60.21,16:51:00,31.07,18:51:00,27.13,20:51:00
36,newcastle_united2016-05-07,4.58,36,11:00:00,28.47,13:00:00,48.6,15:00:00,65.29,16:51:00,31.67,18:51:00,26.93,20:51:00
37,newcastle_united2016-05-15,3.39,37,11:00:00,25.33,13:00:00,44.4,15:00:00,62.64,16:51:00,31.4,18:51:00,30.33,20:51:00
0,norwich_city2015-08-08,0.58,0,11:00:00,27.53,13:00:00,49.8,15:00:00,53.5,16:51:00,27.93,18:51:00,21.73,20:51:00
1,norwich_city2015-08-15,-0.52,1,11:00:00,45.8,13:00:00,61.8,15:00:00,69.21,16:51:00,41.53,18:51:00,33.13,20:51:00
2,norwich_city2015-08-22,-0.66,2,11:00:00,38.27,13:00:00,68.93,15:00:00,68.0,16:51:00,32.47,18:51:00,27.4,20:51:00
3,norwich_city2015-08-30,-0.95,3,09:30:00,42.53,11:30:00,79.47,13:30:00,63.36,15:21:00,30.73,17:21:00,23.4,19:21:00
4,norwich_city2015-09-12,-0.61,4,11:00:00,35.8,13:00:00,52.53,15:00:00,75.36,16:51:00,41.87,18:51:00,34.47,20:51:00
5,norwich_city2015-09-20,-3.33,5,12:00:00,21.56,14:00:00,64.38,16:00:00,55.93,17:51:00,20.73,19:51:00,19.73,21:51:00
6,norwich_city2015-09-26,-0.76,6,11:00:00,44.2,13:00:00,64.67,15:00:00,75.64,16:51:00,37.73,18:51:00,30.73,20:51:00
7,norwich_city2015-10-03,-0.73,7,11:00:00,40.47,13:00:00,64.27,15:00:00,74.71,16:51:00,34.8,18:51:00,26.53,20:51:00
8,norwich_city2015-10-18,0.6,8,12:00:00,31.88,14:00:00,68.62,16:00:00,70.0,17:51:00,29.8,19:51:00,26.53,21:51:00
9,norwich_city2015-10-24,-1.99,9,11:00:00,40.2,13:00:00,51.07,15:00:00,69.36,16:51:00,31.87,18:51:00,28.13,20:51:00
10,norwich_city2015-10-31,-9.71,10,11:00:00,14.87,13:00:00,27.13,15:00:00,74.93,16:51:00,28.53,18:51:00,13.6,20:51:00
11,norwich_city2015-11-07,0.47,11,11:00:00,39.6,13:00:00,39.6,15:00:00,69.93,16:51:00,51.33,18:51:00,28.93,20:51:00
12,norwich_city2015-11-21,-6.59,12,11:00:00,19.8,13:00:00,34.87,15:00:00,82.86,16:51:00,36.47,18:51:00,24.07,20:51:00
13,norwich_city2015-11-29,4.57,13,12:15:00,17.13,14:15:00,36.87,16:15:00,89.71,18:06:00,29.27,20:06:00,14.0,22:06:00
14,norwich_city2015-12-05,-0.85,14,11:00:00,49.67,13:00:00,54.0,15:00:00,74.86,16:51:00,57.07,18:51:00,46.13,20:51:00
15,norwich_city2015-12-12,0.88,15,08:45:00,35.67,10:45:00,55.8,12:45:00,84.64,14:36:00,37.27,16:36:00,18.73,18:36:00
16,norwich_city2015-12-19,-6.55,16,11:00:00,15.4,13:00:00,31.33,15:00:00,79.5,16:51:00,32.0,18:51:00,16.53,20:51:00
17,norwich_city2015-12-26,-5.58,17,11:00:00,32.27,13:00:00,38.67,15:00:00,81.93,16:51:00,41.0,18:51:00,27.0,20:51:00
18,norwich_city2015-12-28,-0.97,18,11:00:00,40.13,13:00:00,42.6,15:00:00,76.93,16:51:00,48.07,18:51:00,29.93,20:51:00
19,norwich_city2016-01-02,1.07,19,11:00:00,33.27,13:00:00,32.4,15:00:00,60.86,16:51:00,47.53,18:51:00,29.07,20:51:00
20,norwich_city2016-01-13,-1.98,20,15:45:00,30.8,17:45:00,40.67,19:45:00,76.71,21:36:00,50.18,23:36:00,,01:36:00
21,norwich_city2016-01-16,-2.1,21,11:00:00,48.67,13:00:00,46.67,15:00:00,78.5,16:51:00,56.6,18:51:00,33.8,20:51:00
22,norwich_city2016-01-23,3.16,22,08:45:00,13.4,10:45:00,27.07,12:45:00,72.36,14:36:00,40.6,16:36:00,20.27,18:36:00
23,norwich_city2016-02-02,3.4,23,15:45:00,28.53,17:45:00,40.8,19:45:00,79.57,21:36:00,55.82,23:36:00,,01:36:00
24,norwich_city2016-02-06,-0.6,24,11:00:00,41.07,13:00:00,46.13,15:00:00,84.93,16:51:00,58.87,18:51:00,33.87,20:51:00
25,norwich_city2016-02-13,-0.58,25,11:00:00,28.73,13:00:00,28.47,15:00:00,71.0,16:51:00,47.4,18:51:00,23.87,20:51:00
26,norwich_city2016-02-27,-4.49,26,11:00:00,11.73,13:00:00,18.93,15:00:00,68.86,16:51:00,29.27,18:51:00,12.67,20:51:00
27,norwich_city2016-03-01,4.36,27,15:45:00,16.0,17:45:00,34.93,19:45:00,71.14,21:36:00,39.91,23:36:00,,01:36:00
28,norwich_city2016-03-05,-2.0,28,11:00:00,28.27,13:00:00,31.8,15:00:00,69.29,16:51:00,48.6,18:51:00,28.0,20:51:00
29,norwich_city2016-03-12,4.95,29,08:45:00,16.53,10:45:00,38.2,12:45:00,86.36,14:36:00,29.27,16:36:00,10.4,18:36:00
30,norwich_city2016-03-19,-0.76,30,11:00:00,20.2,13:00:00,20.73,15:00:00,57.36,16:51:00,44.13,18:51:00,22.0,20:51:00
31,norwich_city2016-04-02,-0.8,31,11:00:00,13.33,13:00:00,29.13,15:00:00,52.86,16:51:00,19.0,18:51:00,13.4,20:51:00
32,norwich_city2016-04-09,-0.96,32,11:00:00,25.53,13:00:00,46.2,15:00:00,66.79,16:51:00,28.47,18:51:00,17.87,20:51:00
33,norwich_city2016-04-16,-0.64,33,08:45:00,23.4,10:45:00,53.13,12:45:00,66.43,14:36:00,32.0,16:36:00,19.0,18:36:00
34,norwich_city2016-04-30,-10.73,34,13:30:00,23.0,15:30:00,71.2,17:30:00,70.5,19:21:00,26.27,21:21:00,19.58,23:21:00
35,norwich_city2016-05-07,3.4,35,08:45:00,14.13,10:45:00,57.13,12:45:00,63.86,14:36:00,21.87,16:36:00,11.67,18:36:00
36,norwich_city2016-05-11,-2.19,36,15:45:00,15.27,17:45:00,43.2,19:45:00,70.07,21:36:00,26.0,23:36:00,,01:36:00
37,norwich_city2016-05-15,-2.23,37,11:00:00,44.53,13:00:00,64.13,15:00:00,76.71,16:51:00,40.6,18:51:00,30.4,20:51:00
0,southampton2015-08-09,0.83,0,09:30:00,39.2,11:30:00,73.0,13:30:00,52.64,15:21:00,33.27,17:21:00,30.73,19:21:00
1,southampton2015-08-15,-2.02,1,08:45:00,32.73,10:45:00,66.27,12:45:00,48.43,14:36:00,24.4,16:36:00,21.67,18:36:00
2,southampton2015-08-23,0.73,2,12:00:00,53.56,14:00:00,77.5,16:00:00,77.0,17:51:00,51.47,19:51:00,51.13,21:51:00
3,southampton2015-08-30,-0.95,3,09:30:00,48.4,11:30:00,75.2,13:30:00,69.21,15:21:00,39.93,17:21:00,34.87,19:21:00
4,southampton2015-09-12,1.1,4,11:00:00,70.27,13:00:00,79.07,15:00:00,79.14,16:51:00,65.07,18:51:00,64.07,20:51:00
5,southampton2015-09-20,1.12,5,12:00:00,21.5,14:00:00,65.44,16:00:00,61.5,17:51:00,27.93,19:51:00,23.73,21:51:00
6,southampton2015-09-26,-0.95,6,11:00:00,72.73,13:00:00,82.47,15:00:00,87.29,16:51:00,66.07,18:51:00,62.4,20:51:00
7,southampton2015-10-03,-2.18,7,13:30:00,16.53,15:30:00,50.4,17:30:00,67.29,19:21:00,27.47,21:21:00,22.5,23:21:00
8,southampton2015-10-17,-2.24,8,11:00:00,61.6,13:00:00,74.27,15:00:00,81.86,16:51:00,58.67,18:51:00,56.33,20:51:00
9,southampton2015-10-25,-0.92,9,12:15:00,21.2,14:15:00,39.0,16:15:00,80.14,18:06:00,36.13,20:06:00,23.67,22:06:00
10,southampton2015-11-01,-4.44,10,12:00:00,33.38,14:00:00,47.5,16:00:00,78.14,17:51:00,42.73,19:51:00,34.2,21:51:00
11,southampton2015-11-07,3.81,11,11:00:00,66.27,13:00:00,65.53,15:00:00,86.29,16:51:00,66.87,18:51:00,52.2,20:51:00
12,southampton2015-11-21,-4.4,12,11:00:00,72.4,13:00:00,68.53,15:00:00,89.86,16:51:00,73.13,18:51:00,65.73,20:51:00
13,southampton2015-11-28,-3.42,13,11:00:00,36.47,13:00:00,47.27,15:00:00,69.86,16:51:00,38.27,18:51:00,30.93,20:51:00
14,southampton2015-12-05,-5.49,14,11:00:00,67.4,13:00:00,65.6,15:00:00,85.86,16:51:00,67.27,18:51:00,56.4,20:51:00
15,southampton2015-12-12,0.55,15,11:00:00,75.2,13:00:00,74.33,15:00:00,89.29,16:51:00,72.33,18:51:00,63.2,20:51:00
16,southampton2015-12-19,0.63,16,11:00:00,47.93,13:00:00,53.0,15:00:00,73.57,16:51:00,50.2,18:51:00,42.47,20:51:00
17,southampton2015-12-26,1.54,17,15:45:00,16.87,17:45:00,35.8,19:45:00,84.64,21:36:00,43.0,23:36:00,,01:36:00
18,southampton2015-12-28,1.42,18,13:30:00,49.6,15:30:00,66.07,17:30:00,91.93,19:21:00,60.8,21:21:00,53.08,23:21:00
19,southampton2016-01-02,1.07,19,11:00:00,79.8,13:00:00,77.2,15:00:00,88.36,16:51:00,76.13,18:51:00,67.13,20:51:00
20,southampton2016-01-13,-2.02,20,15:45:00,61.0,17:45:00,67.8,19:45:00,91.21,21:36:00,73.73,23:36:00,,01:36:00
21,southampton2016-01-16,-3.28,21,11:00:00,82.4,13:00:00,75.93,15:00:00,87.5,16:51:00,73.4,18:51:00,63.13,20:51:00
22,southampton2016-01-23,-2.1,22,11:00:00,22.13,13:00:00,36.07,15:00:00,66.57,16:51:00,33.6,18:51:00,20.27,20:51:00
23,southampton2016-02-02,-3.23,23,15:45:00,17.73,17:45:00,35.8,19:45:00,65.07,21:36:00,29.27,23:36:00,,01:36:00
24,southampton2016-02-06,-3.27,24,13:30:00,36.87,15:30:00,54.8,17:30:00,87.93,19:21:00,50.87,21:21:00,37.58,23:21:00
25,southampton2016-02-13,1.09,25,11:00:00,67.2,13:00:00,66.53,15:00:00,85.0,16:51:00,73.53,18:51:00,58.2,20:51:00
26,southampton2016-02-27,0.83,26,11:00:00,27.47,13:00:00,38.67,15:00:00,74.71,16:51:00,38.87,18:51:00,25.07,20:51:00
27,southampton2016-03-01,0.87,27,15:45:00,43.2,17:45:00,50.93,19:45:00,86.0,21:36:00,56.64,23:36:00,,01:36:00
28,southampton2016-03-05,-4.42,28,11:00:00,55.6,13:00:00,52.0,15:00:00,79.5,16:51:00,54.73,18:51:00,44.47,20:51:00
29,southampton2016-03-12,0.71,29,11:00:00,56.47,13:00:00,56.93,15:00:00,85.36,16:51:00,61.13,18:51:00,50.2,20:51:00
30,southampton2016-03-20,0.6,30,09:30:00,14.6,11:30:00,33.67,13:30:00,58.29,15:21:00,22.47,17:21:00,13.4,19:21:00
31,southampton2016-04-03,-0.76,31,09:30:00,22.73,11:30:00,68.33,13:30:00,64.86,15:21:00,25.33,17:21:00,18.4,19:21:00
32,southampton2016-04-09,-4.45,32,11:00:00,48.4,13:00:00,71.4,15:00:00,63.86,16:51:00,42.33,18:51:00,39.2,20:51:00
33,southampton2016-04-16,0.63,33,11:00:00,61.73,13:00:00,75.13,15:00:00,81.64,16:51:00,52.33,18:51:00,46.47,20:51:00
34,southampton2016-04-23,5.72,34,11:00:00,61.53,13:00:00,78.33,15:00:00,83.07,16:51:00,59.27,18:51:00,54.53,20:51:00
35,southampton2016-05-01,0.72,35,12:30:00,21.4,14:30:00,52.93,16:30:00,60.14,18:21:00,25.47,20:21:00,21.07,22:21:00
36,southampton2016-05-08,-1.02,36,09:30:00,34.87,11:30:00,61.67,13:30:00,70.36,15:21:00,34.4,17:21:00,27.47,19:21:00
37,southampton2016-05-15,-7.66,37,11:00:00,53.07,13:00:00,64.67,15:00:00,79.79,16:51:00,55.2,18:51:00,55.27,20:51:00
0,stoke_city2015-08-09,1.36,0,12:00:00,14.56,14:00:00,59.44,16:00:00,47.43,17:51:00,14.93,19:51:00,11.07,21:51:00
1,stoke_city2015-08-15,-2.2,1,11:00:00,29.4,13:00:00,65.4,15:00:00,56.57,16:51:00,25.6,18:51:00,21.0,20:51:00
2,stoke_city2015-08-22,-0.66,2,11:00:00,29.0,13:00:00,63.47,15:00:00,49.57,16:51:00,28.4,18:51:00,23.0,20:51:00
3,stoke_city2015-08-29,-2.04,3,11:00:00,24.8,13:00:00,56.33,15:00:00,57.64,16:51:00,28.4,18:51:00,21.8,20:51:00
4,stoke_city2015-09-12,-9.71,4,11:00:00,12.67,13:00:00,51.6,15:00:00,34.93,16:51:00,12.0,18:51:00,7.33,20:51:00
5,stoke_city2015-09-19,0.49,5,11:00:00,24.13,13:00:00,61.27,15:00:00,63.79,16:51:00,27.67,18:51:00,21.93,20:51:00
6,stoke_city2015-09-26,0.5,6,11:00:00,32.2,13:00:00,48.33,15:00:00,64.43,16:51:00,34.27,18:51:00,22.47,20:51:00
7,stoke_city2015-10-03,-0.5,7,11:00:00,39.73,13:00:00,61.0,15:00:00,72.5,16:51:00,38.47,18:51:00,28.8,20:51:00
8,stoke_city2015-10-19,-1.94,8,16:00:00,27.69,18:00:00,64.94,20:00:00,68.79,21:51:00,23.89,23:51:00,,01:51:00
9,stoke_city2015-10-24,-0.89,9,11:00:00,42.67,13:00:00,59.53,15:00:00,71.86,16:51:00,31.73,18:51:00,24.8,20:51:00
10,stoke_city2015-10-31,-0.6,10,11:00:00,36.73,13:00:00,42.2,15:00:00,82.64,16:51:00,46.6,18:51:00,27.8,20:51:00
11,stoke_city2015-11-07,1.78,11,13:30:00,8.6,15:30:00,26.87,17:30:00,80.29,19:21:00,32.47,21:21:00,15.42,23:21:00
12,stoke_city2015-11-21,-4.4,12,11:00:00,31.0,13:00:00,35.47,15:00:00,78.93,16:51:00,52.53,18:51:00,38.47,20:51:00
13,stoke_city2015-11-28,1.13,13,11:00:00,32.4,13:00:00,36.4,15:00:00,76.64,16:51:00,41.33,18:51:00,26.67,20:51:00
14,stoke_city2015-12-05,4.15,14,08:45:00,9.33,10:45:00,24.2,12:45:00,85.21,14:36:00,27.47,16:36:00,10.47,18:36:00
15,stoke_city2015-12-12,0.61,15,11:00:00,47.47,13:00:00,50.87,15:00:00,85.36,16:51:00,44.07,18:51:00,26.93,20:51:00
16,stoke_city2015-12-19,-0.54,16,11:00:00,30.73,13:00:00,33.93,15:00:00,73.07,16:51:00,42.2,18:51:00,22.27,20:51:00
17,stoke_city2015-12-26,1.2,17,08:45:00,8.6,10:45:00,25.87,12:45:00,80.71,14:36:00,22.33,16:36:00,9.13,18:36:00
18,stoke_city2015-12-28,-2.06,18,11:00:00,19.67,13:00:00,22.13,15:00:00,62.5,16:51:00,43.73,18:51:00,27.73,20:51:00
19,stoke_city2016-01-02,0.78,19,11:00:00,33.73,13:00:00,42.33,15:00:00,74.57,16:51:00,42.0,18:51:00,25.0,20:51:00
20,stoke_city2016-01-13,-1.98,20,15:45:00,22.13,17:45:00,33.47,19:45:00,81.86,21:36:00,61.73,23:36:00,,01:36:00
21,stoke_city2016-01-17,3.19,21,12:15:00,9.2,14:15:00,23.87,16:15:00,69.43,18:06:00,18.33,20:06:00,7.33,22:06:00
22,stoke_city2016-01-23,-0.95,22,11:00:00,20.67,13:00:00,34.47,15:00:00,84.21,16:51:00,47.47,18:51:00,28.13,20:51:00
23,stoke_city2016-02-02,-3.33,23,16:00:00,15.88,18:00:00,38.06,20:00:00,68.5,21:51:00,38.0,23:51:00,,01:51:00
24,stoke_city2016-02-06,0.62,24,11:00:00,37.47,13:00:00,48.73,15:00:00,84.79,16:51:00,43.33,18:51:00,26.2,20:51:00
25,stoke_city2016-02-13,-0.96,25,11:00:00,30.93,13:00:00,33.13,15:00:00,78.07,16:51:00,49.07,18:51:00,27.0,20:51:00
26,stoke_city2016-02-27,-3.34,26,11:00:00,24.33,13:00:00,27.67,15:00:00,70.0,16:51:00,36.73,18:51:00,18.4,20:51:00
27,stoke_city2016-03-02,-2.05,27,15:45:00,20.53,17:45:00,31.0,19:45:00,77.57,21:36:00,54.09,23:36:00,,01:36:00
28,stoke_city2016-03-05,-5.49,28,11:00:00,13.0,13:00:00,29.6,15:00:00,70.86,16:51:00,23.2,18:51:00,11.07,20:51:00
29,stoke_city2016-03-12,0.71,29,11:00:00,29.07,13:00:00,38.47,15:00:00,83.43,16:51:00,39.67,18:51:00,18.53,20:51:00
30,stoke_city2016-03-19,-0.6,30,11:00:00,29.4,13:00:00,32.73,15:00:00,83.07,16:51:00,48.73,18:51:00,27.53,20:51:00
31,stoke_city2016-04-02,-0.83,31,11:00:00,31.07,13:00:00,53.8,15:00:00,71.21,16:51:00,27.2,18:51:00,17.93,20:51:00
32,stoke_city2016-04-10,-3.42,32,12:00:00,14.81,14:00:00,61.25,16:00:00,46.43,17:51:00,14.8,19:51:00,10.47,21:51:00
33,stoke_city2016-04-18,3.48,33,16:00:00,15.62,18:00:00,58.75,20:00:00,64.29,21:51:00,22.33,23:51:00,,01:51:00
34,stoke_city2016-04-23,-8.69,34,08:45:00,19.8,10:45:00,63.13,12:45:00,50.14,14:36:00,15.13,16:36:00,8.13,18:36:00
35,stoke_city2016-04-30,0.68,35,11:00:00,26.73,13:00:00,45.8,15:00:00,65.71,16:51:00,24.8,18:51:00,15.2,20:51:00
36,stoke_city2016-05-07,-0.93,36,11:00:00,35.53,13:00:00,61.87,15:00:00,74.14,16:51:00,33.0,18:51:00,21.8,20:51:00
37,stoke_city2016-05-15,1.44,37,11:00:00,24.6,13:00:00,39.73,15:00:00,62.36,16:51:00,23.6,18:51:00,16.87,20:51:00
0,sunderland2015-08-08,-1.01,0,11:00:00,27.0,13:00:00,56.4,15:00:00,44.57,16:51:00,29.27,18:51:00,26.53,20:51:00
1,sunderland2015-08-15,-0.52,1,11:00:00,50.33,13:00:00,68.13,15:00:00,75.36,16:51:00,45.8,18:51:00,42.0,20:51:00
2,sunderland2015-08-22,1.81,2,11:00:00,46.53,13:00:00,75.47,15:00:00,73.36,16:51:00,43.67,18:51:00,41.87,20:51:00
3,sunderland2015-08-29,-2.08,3,11:00:00,43.67,13:00:00,67.73,15:00:00,63.71,16:51:00,43.33,18:51:00,37.93,20:51:00
4,sunderland2015-09-13,3.12,4,09:30:00,32.8,11:30:00,68.2,13:30:00,57.86,15:21:00,24.73,17:21:00,19.47,19:21:00
5,sunderland2015-09-19,-3.28,5,11:00:00,39.87,13:00:00,61.0,15:00:00,56.93,16:51:00,41.33,18:51:00,37.0,20:51:00
6,sunderland2015-09-26,-12.78,6,11:00:00,14.2,13:00:00,54.6,15:00:00,40.5,16:51:00,15.73,18:51:00,11.53,20:51:00
7,sunderland2015-10-03,1.09,7,11:00:00,37.87,13:00:00,62.67,15:00:00,73.29,16:51:00,40.93,18:51:00,34.6,20:51:00
8,sunderland2015-10-17,-1.93,8,11:00:00,59.6,13:00:00,72.93,15:00:00,80.86,16:51:00,61.6,18:51:00,54.33,20:51:00
9,sunderland2015-10-25,0.59,9,08:00:00,18.0,10:00:00,34.88,12:00:00,77.07,13:51:00,34.47,15:51:00,17.0,17:51:00
10,sunderland2015-11-01,-5.5,10,09:30:00,29.47,11:30:00,46.93,13:30:00,79.07,15:21:00,43.4,17:21:00,26.93,19:21:00
11,sunderland2015-11-07,3.81,11,11:00:00,49.87,13:00:00,52.67,15:00:00,82.71,16:51:00,54.8,18:51:00,41.13,20:51:00
12,sunderland2015-11-23,-4.43,12,16:00:00,25.25,18:00:00,37.31,20:00:00,70.21,21:51:00,54.0,23:51:00,,01:51:00
13,sunderland2015-11-28,1.13,13,11:00:00,39.8,13:00:00,41.47,15:00:00,73.43,16:51:00,53.53,18:51:00,39.67,20:51:00
14,sunderland2015-12-05,-10.73,14,11:00:00,15.33,13:00:00,29.47,15:00:00,58.14,16:51:00,24.67,18:51:00,16.07,20:51:00
15,sunderland2015-12-12,0.84,15,11:00:00,57.8,13:00:00,64.13,15:00:00,88.79,16:51:00,57.33,18:51:00,44.93,20:51:00
16,sunderland2015-12-19,-9.69,16,11:00:00,16.13,13:00:00,29.93,15:00:00,64.43,16:51:00,24.73,18:51:00,16.2,20:51:00
17,sunderland2015-12-26,-12.79,17,11:00:00,24.47,13:00:00,31.93,15:00:00,63.21,16:51:00,29.13,18:51:00,22.27,20:51:00
18,sunderland2015-12-30,4.15,18,15:45:00,18.27,17:45:00,39.27,19:45:00,78.79,21:36:00,42.91,23:36:00,,01:36:00
19,sunderland2016-01-02,-0.54,19,11:00:00,46.07,13:00:00,49.07,15:00:00,79.64,16:51:00,55.33,18:51:00,38.33,20:51:00
20,sunderland2016-01-13,-2.22,20,15:45:00,28.53,17:45:00,37.87,19:45:00,75.14,21:36:00,62.73,23:36:00,,01:36:00
21,sunderland2016-01-16,-7.64,21,08:45:00,23.8,10:45:00,42.07,12:45:00,85.5,14:36:00,34.2,16:36:00,20.93,18:36:00
22,sunderland2016-01-23,0.95,22,11:00:00,48.87,13:00:00,49.0,15:00:00,81.71,16:51:00,59.4,18:51:00,44.2,20:51:00
23,sunderland2016-02-02,6.15,23,15:45:00,28.0,17:45:00,45.07,19:45:00,78.14,21:36:00,49.36,23:36:00,,01:36:00
24,sunderland2016-02-06,-6.57,24,11:00:00,18.13,13:00:00,33.8,15:00:00,65.57,16:51:00,30.27,18:51:00,17.53,20:51:00
25,sunderland2016-02-13,3.97,25,08:45:00,11.4,10:45:00,28.53,12:45:00,71.07,14:36:00,30.07,16:36:00,12.8,18:36:00
26,sunderland2016-02-27,-2.18,26,08:45:00,29.13,10:45:00,48.2,12:45:00,76.07,14:36:00,31.53,16:36:00,19.47,18:36:00
27,sunderland2016-03-01,-0.52,27,15:45:00,37.2,17:45:00,47.0,19:45:00,85.14,21:36:00,61.82,23:36:00,,01:36:00
28,sunderland2016-03-05,-4.42,28,11:00:00,35.27,13:00:00,37.53,15:00:00,67.86,16:51:00,47.13,18:51:00,32.67,20:51:00
29,sunderland2016-03-20,-0.88,29,09:30:00,21.73,11:30:00,41.0,13:30:00,83.5,15:21:00,34.47,17:21:00,16.53,19:21:00
30,sunderland2016-04-02,-0.92,30,11:00:00,32.0,13:00:00,45.07,15:00:00,64.29,16:51:00,30.87,18:51:00,23.53,20:51:00
31,sunderland2016-04-10,1.42,31,09:30:00,14.87,11:30:00,58.8,13:30:00,69.57,15:21:00,20.33,17:21:00,12.53,19:21:00
32,sunderland2016-04-16,-0.64,32,08:45:00,23.73,10:45:00,54.53,12:45:00,67.71,14:36:00,30.33,16:36:00,18.93,18:36:00
33,sunderland2016-04-24,3.58,33,10:05:00,22.67,12:05:00,62.4,14:05:00,68.43,15:56:00,21.2,17:56:00,14.33,19:56:00
34,sunderland2016-04-30,0.68,34,11:00:00,14.07,13:00:00,21.73,15:00:00,46.57,16:51:00,22.27,18:51:00,15.4,20:51:00
35,sunderland2016-05-07,0.99,35,11:00:00,11.8,13:00:00,34.27,15:00:00,54.64,16:51:00,18.8,18:51:00,13.07,20:51:00
36,sunderland2016-05-11,-2.27,36,15:45:00,12.0,17:45:00,45.6,19:45:00,70.5,21:36:00,23.0,23:36:00,,01:36:00
37,sunderland2016-05-15,-0.97,37,11:00:00,45.47,13:00:00,69.13,15:00:00,76.29,16:51:00,42.8,18:51:00,38.07,20:51:00
0,swansea_city2015-08-08,-8.61,0,13:30:00,13.73,15:30:00,49.2,17:30:00,54.57,19:21:00,16.13,21:21:00,15.5,23:21:00
1,swansea_city2015-08-15,-2.05,1,11:00:00,32.47,13:00:00,60.47,15:00:00,73.0,16:51:00,62.93,18:51:00,35.27,20:51:00
2,swansea_city2015-08-22,1.81,2,11:00:00,27.4,13:00:00,51.0,15:00:00,58.07,16:51:00,59.93,18:51:00,29.07,20:51:00
3,swansea_city2015-08-30,1.45,3,12:00:00,13.75,14:00:00,48.88,16:00:00,57.93,17:51:00,16.2,19:51:00,12.53,21:51:00
4,swansea_city2015-09-12,0.74,4,11:00:00,35.8,13:00:00,57.6,15:00:00,73.64,16:51:00,38.8,18:51:00,31.07,20:51:00
5,swansea_city2015-09-19,-0.71,5,11:00:00,27.4,13:00:00,60.53,15:00:00,74.57,16:51:00,32.73,18:51:00,24.6,20:51:00
6,swansea_city2015-09-26,-0.95,6,11:00:00,41.47,13:00:00,59.2,15:00:00,68.36,16:51:00,38.33,18:51:00,27.47,20:51:00
7,swansea_city2015-10-04,0.69,7,12:00:00,24.31,14:00:00,62.88,16:00:00,72.71,17:51:00,31.2,19:51:00,23.87,21:51:00
8,swansea_city2015-10-19,-1.94,8,16:00:00,32.94,18:00:00,69.75,20:00:00,69.71,21:51:00,24.0,23:51:00,,01:51:00
9,swansea_city2015-10-24,0.94,9,11:00:00,0.0,13:00:00,0.0,15:00:00,0.0,16:51:00,58.6,18:51:00,49.6,20:51:00
10,swansea_city2015-10-31,3.86,10,11:00:00,17.33,13:00:00,27.87,15:00:00,80.07,16:51:00,34.2,18:51:00,17.67,20:51:00
11,swansea_city2015-11-07,0.47,11,11:00:00,36.07,13:00:00,40.33,15:00:00,70.93,16:51:00,52.0,18:51:00,32.87,20:51:00
12,swansea_city2015-11-21,-2.09,12,11:00:00,28.33,13:00:00,32.6,15:00:00,78.21,16:51:00,47.8,18:51:00,33.13,20:51:00
13,swansea_city2015-11-29,-5.53,13,12:15:00,18.67,14:15:00,38.6,16:15:00,72.0,18:06:00,28.87,20:06:00,16.47,22:06:00
14,swansea_city2015-12-05,0.69,14,11:00:00,17.67,13:00:00,24.6,15:00:00,84.71,16:51:00,45.33,18:51:00,27.07,20:51:00
15,swansea_city2015-12-12,-8.69,15,11:00:00,24.47,13:00:00,39.73,15:00:00,74.21,16:51:00,31.87,18:51:00,15.2,20:51:00
16,swansea_city2015-12-20,-0.9,16,12:00:00,21.25,14:00:00,37.69,16:00:00,81.86,17:51:00,39.0,19:51:00,19.27,21:51:00
17,swansea_city2015-12-26,-2.05,17,11:00:00,27.13,13:00:00,30.6,15:00:00,78.0,16:51:00,43.13,18:51:00,26.07,20:51:00
18,swansea_city2015-12-28,-0.96,18,11:00:00,45.6,13:00:00,50.87,15:00:00,83.21,16:51:00,47.47,18:51:00,35.13,20:51:00
19,swansea_city2016-01-02,-5.46,19,11:00:00,22.6,13:00:00,38.07,15:00:00,79.07,16:51:00,38.27,18:51:00,20.93,20:51:00
20,swansea_city2016-01-13,-2.22,20,15:45:00,22.8,17:45:00,29.87,19:45:00,79.71,21:36:00,61.73,23:36:00,,01:36:00
21,swansea_city2016-01-18,-0.6,21,16:00:00,16.25,18:00:00,24.38,20:00:00,57.71,21:51:00,49.0,23:51:00,,01:51:00
22,swansea_city2016-01-24,-3.3,22,09:30:00,17.33,11:30:00,29.73,13:30:00,65.36,15:21:00,36.27,17:21:00,21.8,19:21:00
23,swansea_city2016-02-02,-0.39,23,16:00:00,19.06,18:00:00,30.56,20:00:00,62.93,21:51:00,57.56,23:51:00,,01:51:00
24,swansea_city2016-02-06,-0.76,24,11:00:00,29.6,13:00:00,32.2,15:00:00,78.64,16:51:00,48.0,18:51:00,24.87,20:51:00
25,swansea_city2016-02-13,1.09,25,11:00:00,25.87,13:00:00,26.87,15:00:00,75.71,16:51:00,52.73,18:51:00,25.27,20:51:00
26,swansea_city2016-02-28,-6.56,26,10:05:00,22.07,12:05:00,28.07,14:05:00,78.43,15:56:00,43.07,17:56:00,22.07,19:56:00
27,swansea_city2016-03-02,-7.64,27,15:45:00,10.93,17:45:00,24.4,19:45:00,76.07,21:36:00,54.64,23:36:00,,01:36:00
28,swansea_city2016-03-05,-2.0,28,11:00:00,22.27,13:00:00,27.93,15:00:00,79.0,16:51:00,45.0,18:51:00,25.0,20:51:00
29,swansea_city2016-03-12,-2.05,29,11:00:00,30.53,13:00:00,33.27,15:00:00,79.29,16:51:00,44.33,18:51:00,22.93,20:51:00
30,swansea_city2016-03-19,-3.34,30,13:30:00,14.07,15:30:00,31.53,17:30:00,74.64,19:21:00,33.93,21:21:00,19.67,23:21:00
31,swansea_city2016-04-02,-0.83,31,11:00:00,34.47,13:00:00,53.67,15:00:00,74.29,16:51:00,30.87,18:51:00,19.0,20:51:00
32,swansea_city2016-04-09,1.77,32,11:00:00,22.0,13:00:00,60.67,15:00:00,64.86,16:51:00,29.8,18:51:00,20.07,20:51:00
33,swansea_city2016-04-16,-0.71,33,11:00:00,33.93,13:00:00,57.0,15:00:00,74.36,16:51:00,35.8,18:51:00,23.73,20:51:00
34,swansea_city2016-04-24,-3.26,34,12:15:00,11.53,14:15:00,59.27,16:15:00,49.14,18:06:00,17.6,20:06:00,14.8,22:06:00
35,swansea_city2016-05-01,1.09,35,08:00:00,23.12,10:00:00,55.56,12:00:00,64.21,13:51:00,24.0,15:51:00,17.4,17:51:00
36,swansea_city2016-05-07,-5.56,36,11:00:00,20.2,13:00:00,46.67,15:00:00,61.14,16:51:00,29.53,18:51:00,22.13,20:51:00
37,swansea_city2016-05-15,5.04,37,11:00:00,10.93,13:00:00,46.93,15:00:00,60.79,16:51:00,11.2,18:51:00,6.4,20:51:00
0,tottenham2015-08-08,-3.35,0,08:45:00,12.8,10:45:00,54.53,12:45:00,31.43,14:36:00,10.0,16:36:00,6.33,18:36:00
1,tottenham2015-08-15,-2.2,1,11:00:00,37.67,13:00:00,68.73,15:00:00,56.29,16:51:00,29.67,18:51:00,26.13,20:51:00
2,tottenham2015-08-22,0.67,2,11:00:00,33.6,13:00:00,65.87,15:00:00,61.93,16:51:00,32.2,18:51:00,28.53,20:51:00
3,tottenham2015-08-29,-2.02,3,13:30:00,32.4,15:30:00,76.6,17:30:00,70.64,19:21:00,35.73,21:21:00,31.83,23:21:00
4,tottenham2015-09-13,3.12,4,09:30:00,34.27,11:30:00,70.33,13:30:00,60.86,15:21:00,27.33,17:21:00,19.33,19:21:00
5,tottenham2015-09-20,-1.01,5,09:30:00,28.07,11:30:00,62.53,13:30:00,64.07,15:21:00,27.13,17:21:00,18.33,19:21:00
6,tottenham2015-09-26,3.09,6,08:45:00,14.8,10:45:00,51.8,12:45:00,65.36,14:36:00,22.67,16:36:00,14.47,18:36:00
7,tottenham2015-10-04,0.69,7,12:00:00,27.75,14:00:00,70.12,16:00:00,66.43,17:51:00,28.47,19:51:00,24.33,21:51:00
8,tottenham2015-10-17,0.48,8,08:45:00,14.53,10:45:00,57.6,12:45:00,39.71,14:36:00,11.8,16:36:00,7.4,18:36:00
9,tottenham2015-10-25,1.44,9,10:05:00,25.13,12:05:00,40.73,14:05:00,79.21,15:56:00,42.53,17:56:00,29.27,19:56:00
10,tottenham2015-11-02,-5.57,10,16:00:00,21.25,18:00:00,39.5,20:00:00,78.71,21:51:00,59.0,23:51:00,,01:51:00
11,tottenham2015-11-08,-2.28,11,12:00:00,16.62,14:00:00,37.06,16:00:00,77.43,17:51:00,30.8,19:51:00,14.93,21:51:00
12,tottenham2015-11-22,-4.43,12,12:00:00,24.88,14:00:00,42.31,16:00:00,88.21,17:51:00,47.2,19:51:00,31.0,21:51:00
13,tottenham2015-11-29,0.58,13,08:00:00,12.31,10:00:00,34.25,12:00:00,70.86,13:51:00,29.07,15:51:00,12.87,17:51:00
14,tottenham2015-12-05,3.45,14,11:00:00,27.93,13:00:00,42.8,15:00:00,75.36,16:51:00,38.47,18:51:00,29.2,20:51:00
15,tottenham2015-12-13,-6.62,15,12:00:00,19.56,14:00:00,35.5,16:00:00,68.0,17:51:00,41.6,19:51:00,19.93,21:51:00
16,tottenham2015-12-19,0.63,16,11:00:00,33.07,13:00:00,45.07,15:00:00,87.64,16:51:00,54.47,18:51:00,36.87,20:51:00
17,tottenham2015-12-26,-5.58,17,11:00:00,24.07,13:00:00,35.87,15:00:00,81.36,16:51:00,40.87,18:51:00,27.13,20:51:00
18,tottenham2015-12-28,1.65,18,11:00:00,24.4,13:00:00,36.53,15:00:00,76.86,16:51:00,46.33,18:51:00,31.6,20:51:00
19,tottenham2016-01-03,0.72,19,12:00:00,21.06,14:00:00,40.81,16:00:00,86.43,17:51:00,37.6,19:51:00,19.33,21:51:00
20,tottenham2016-01-13,-2.24,20,16:00:00,15.75,18:00:00,31.44,20:00:00,68.36,21:51:00,46.44,23:51:00,,01:51:00
21,tottenham2016-01-16,-7.64,21,08:45:00,21.8,10:45:00,40.47,12:45:00,91.14,14:36:00,42.27,16:36:00,24.0,18:36:00
22,tottenham2016-01-23,1.49,22,11:00:00,23.07,13:00:00,32.47,15:00:00,68.29,16:51:00,50.13,18:51:00,34.13,20:51:00
23,tottenham2016-02-02,3.4,23,15:45:00,17.87,17:45:00,32.0,19:45:00,68.0,21:36:00,57.18,23:36:00,,01:36:00
24,tottenham2016-02-06,-5.5,24,11:00:00,20.73,13:00:00,37.4,15:00:00,77.71,16:51:00,46.2,18:51:00,27.07,20:51:00
25,tottenham2016-02-14,-0.92,25,12:15:00,10.73,14:15:00,21.33,16:15:00,53.86,18:06:00,35.4,20:06:00,16.13,22:06:00
26,tottenham2016-02-28,-6.56,26,10:05:00,12.4,12:05:00,20.07,14:05:00,65.0,15:56:00,37.13,17:56:00,17.13,19:56:00
27,tottenham2016-03-02,1.91,27,15:45:00,11.53,17:45:00,26.73,19:45:00,75.5,21:36:00,47.18,23:36:00,,01:36:00
28,tottenham2016-03-05,-0.64,28,08:45:00,10.33,10:45:00,28.67,12:45:00,79.43,14:36:00,29.07,16:36:00,12.93,18:36:00
29,tottenham2016-03-13,6.15,29,12:00:00,22.31,14:00:00,42.62,16:00:00,88.86,17:51:00,42.73,19:51:00,23.6,21:51:00
30,tottenham2016-03-20,-4.46,30,12:00:00,19.5,14:00:00,35.62,16:00:00,82.14,17:51:00,43.6,19:51:00,23.47,21:51:00
31,tottenham2016-04-02,0.53,31,13:30:00,16.67,15:30:00,61.27,17:30:00,65.71,19:21:00,22.73,21:21:00,16.83,23:21:00
32,tottenham2016-04-10,-2.08,32,12:30:00,16.53,14:30:00,62.07,16:30:00,58.07,18:21:00,17.6,20:21:00,13.8,22:21:00
33,tottenham2016-04-18,3.48,33,16:00:00,10.0,18:00:00,35.88,20:00:00,62.36,21:51:00,24.22,23:51:00,,01:51:00
34,tottenham2016-04-25,-12.76,34,16:00:00,8.75,18:00:00,31.38,20:00:00,59.14,21:51:00,20.78,23:51:00,,01:51:00
35,tottenham2016-05-02,0.7,35,16:00:00,8.38,18:00:00,34.94,20:00:00,56.21,21:51:00,14.22,23:51:00,,01:51:00
36,tottenham2016-05-08,-1.02,36,09:30:00,20.4,11:30:00,54.6,13:30:00,70.71,15:21:00,31.47,17:21:00,17.47,19:21:00
37,tottenham2016-05-15,3.39,37,11:00:00,7.6,13:00:00,29.8,15:00:00,57.29,16:51:00,20.8,18:51:00,14.47,20:51:00
0,watford2015-08-08,-3.28,0,11:00:00,20.6,13:00:00,60.13,15:00:00,51.93,16:51:00,22.73,18:51:00,19.4,20:51:00
1,watford2015-08-15,-0.71,1,11:00:00,50.4,13:00:00,66.0,15:00:00,62.07,16:51:00,43.13,18:51:00,36.53,20:51:00
2,watford2015-08-23,0.73,2,12:00:00,39.44,14:00:00,69.94,16:00:00,65.57,17:51:00,33.0,19:51:00,30.27,21:51:00
3,watford2015-08-29,-11.79,3,11:00:00,21.53,13:00:00,58.13,15:00:00,45.71,16:51:00,22.4,18:51:00,18.4,20:51:00
4,watford2015-09-12,0.74,4,11:00:00,52.4,13:00:00,67.6,15:00:00,75.5,16:51:00,47.93,18:51:00,42.8,20:51:00
5,watford2015-09-19,0.5,5,11:00:00,18.93,13:00:00,36.8,15:00:00,30.86,16:51:00,19.33,18:51:00,18.27,20:51:00
6,watford2015-09-27,0.5,6,12:00:00,36.31,14:00:00,69.06,16:00:00,58.5,17:51:00,31.67,19:51:00,28.8,21:51:00
7,watford2015-10-03,-0.87,7,11:00:00,61.33,13:00:00,67.47,15:00:00,68.29,16:51:00,48.6,18:51:00,44.67,20:51:00
8,watford2015-10-17,4.86,8,13:30:00,16.0,15:30:00,65.33,17:30:00,56.57,19:21:00,19.07,21:21:00,16.83,23:21:00
9,watford2015-10-24,-0.89,9,11:00:00,38.93,13:00:00,44.07,15:00:00,47.36,16:51:00,33.93,18:51:00,31.47,20:51:00
10,watford2015-10-31,0.58,10,11:00:00,51.4,13:00:00,50.73,15:00:00,87.64,16:51:00,57.47,18:51:00,42.53,20:51:00
11,watford2015-11-07,-2.15,11,11:00:00,53.73,13:00:00,55.53,15:00:00,83.21,16:51:00,56.13,18:51:00,37.93,20:51:00
12,watford2015-11-21,2.07,12,08:45:00,14.2,10:45:00,34.87,12:45:00,72.64,14:36:00,26.8,16:36:00,11.8,18:36:00
13,watford2015-11-28,0.73,13,11:00:00,51.8,13:00:00,53.8,15:00:00,83.64,16:51:00,60.8,18:51:00,42.87,20:51:00
14,watford2015-12-05,-0.85,14,11:00:00,63.33,13:00:00,62.4,15:00:00,82.07,16:51:00,66.27,18:51:00,50.27,20:51:00
15,watford2015-12-12,0.84,15,11:00:00,51.6,13:00:00,51.2,15:00:00,74.5,16:51:00,52.13,18:51:00,41.33,20:51:00
16,watford2015-12-20,3.03,16,09:30:00,15.4,11:30:00,36.0,13:30:00,81.29,15:21:00,29.93,17:21:00,15.53,19:21:00
17,watford2015-12-26,-5.53,17,11:00:00,18.73,13:00:00,34.47,15:00:00,78.79,16:51:00,28.13,18:51:00,16.27,20:51:00
18,watford2015-12-28,1.65,18,11:00:00,27.73,13:00:00,37.73,15:00:00,76.0,16:51:00,33.73,18:51:00,24.53,20:51:00
19,watford2016-01-02,3.93,19,13:30:00,11.6,15:30:00,28.87,17:30:00,76.71,19:21:00,25.33,21:21:00,17.08,23:21:00
20,watford2016-01-13,-2.02,20,15:45:00,56.27,17:45:00,67.6,19:45:00,92.64,21:36:00,70.18,23:36:00,,01:36:00
21,watford2016-01-18,-0.6,21,16:00:00,30.88,18:00:00,47.31,20:00:00,87.36,21:51:00,56.78,23:51:00,,01:51:00
22,watford2016-01-23,-0.94,22,11:00:00,42.93,13:00:00,51.07,15:00:00,78.86,16:51:00,48.47,18:51:00,34.87,20:51:00
23,watford2016-02-03,3.15,23,15:45:00,17.6,17:45:00,36.93,19:45:00,88.07,21:36:00,40.55,23:36:00,,01:36:00
24,watford2016-02-06,-5.5,24,11:00:00,26.6,13:00:00,38.53,15:00:00,71.5,16:51:00,32.0,18:51:00,21.13,20:51:00
25,watford2016-02-13,-0.75,25,11:00:00,52.4,13:00:00,53.2,15:00:00,77.21,16:51:00,60.07,18:51:00,45.33,20:51:00
26,watford2016-02-27,-0.61,26,11:00:00,43.0,13:00:00,40.2,15:00:00,63.36,16:51:00,49.4,18:51:00,31.73,20:51:00
27,watford2016-03-02,-3.34,27,16:00:00,9.56,18:00:00,30.81,20:00:00,55.71,21:51:00,24.22,23:51:00,,01:51:00
28,watford2016-03-05,0.88,28,13:30:00,12.2,15:30:00,27.27,17:30:00,82.71,19:21:00,33.07,21:21:00,18.0,23:21:00
29,watford2016-03-19,-0.6,29,11:00:00,59.67,13:00:00,56.6,15:00:00,87.93,16:51:00,63.33,18:51:00,43.8,20:51:00
30,watford2016-04-02,-7.65,30,11:00:00,15.53,13:00:00,51.2,15:00:00,38.0,16:51:00,17.07,18:51:00,12.8,20:51:00
31,watford2016-04-09,1.41,31,11:00:00,54.87,13:00:00,79.33,15:00:00,76.57,16:51:00,45.33,18:51:00,35.07,20:51:00
32,watford2016-04-16,-0.63,32,11:00:00,56.2,13:00:00,64.4,15:00:00,77.5,16:51:00,51.8,18:51:00,42.27,20:51:00
33,watford2016-04-20,-4.46,33,15:45:00,31.27,17:45:00,69.67,19:45:00,61.79,21:36:00,30.82,23:36:00,,01:36:00
34,watford2016-04-30,-3.3,34,11:00:00,35.93,13:00:00,49.67,15:00:00,69.0,16:51:00,36.6,18:51:00,28.07,20:51:00
35,watford2016-05-08,-4.5,35,12:00:00,17.44,14:00:00,55.88,16:00:00,39.21,17:51:00,15.8,19:51:00,13.53,21:51:00
36,watford2016-05-11,-2.19,36,15:45:00,42.13,17:45:00,71.87,19:45:00,69.86,21:36:00,35.64,23:36:00,,01:36:00
37,watford2016-05-15,-0.97,37,11:00:00,48.8,13:00:00,64.87,15:00:00,71.14,16:51:00,41.2,18:51:00,35.53,20:51:00
0,west_brom2015-08-10,4.45,0,16:00:00,21.56,18:00:00,62.75,20:00:00,51.93,21:51:00,23.11,23:51:00,,01:51:00
1,west_brom2015-08-15,-0.71,1,11:00:00,34.53,13:00:00,63.0,15:00:00,58.0,16:51:00,28.27,18:51:00,26.13,20:51:00
2,west_brom2015-08-23,5.0,2,09:30:00,12.13,11:30:00,62.4,13:30:00,50.0,15:21:00,15.33,17:21:00,8.67,19:21:00
3,west_brom2015-08-29,-2.04,3,11:00:00,25.4,13:00:00,57.93,15:00:00,48.21,16:51:00,28.6,18:51:00,28.6,20:51:00
4,west_brom2015-09-12,1.1,4,11:00:00,37.93,13:00:00,63.73,15:00:00,54.36,16:51:00,32.87,18:51:00,23.8,20:51:00
5,west_brom2015-09-19,-0.7,5,11:00:00,27.8,13:00:00,68.8,15:00:00,67.64,16:51:00,38.0,18:51:00,24.53,20:51:00
6,west_brom2015-09-28,1.01,6,16:00:00,19.12,18:00:00,48.75,20:00:00,69.14,21:51:00,30.0,23:51:00,,01:51:00
7,west_brom2015-10-03,-2.17,7,08:45:00,28.2,10:45:00,65.47,12:45:00,50.43,14:36:00,13.93,16:36:00,9.8,18:36:00
8,west_brom2015-10-17,-1.93,8,11:00:00,31.4,13:00:00,62.8,15:00:00,66.86,16:51:00,36.33,18:51:00,28.47,20:51:00
9,west_brom2015-10-24,-1.99,9,11:00:00,0.0,13:00:00,0.0,15:00:00,0.0,16:51:00,42.67,18:51:00,37.33,20:51:00
10,west_brom2015-10-31,0.82,10,11:00:00,26.07,13:00:00,33.47,15:00:00,79.29,16:51:00,49.47,18:51:00,30.4,20:51:00
11,west_brom2015-11-07,-9.66,11,11:00:00,9.87,13:00:00,26.93,15:00:00,50.43,16:51:00,19.0,18:51:00,9.53,20:51:00
12,west_brom2015-11-21,5.54,12,11:00:00,8.2,13:00:00,24.4,15:00:00,60.0,16:51:00,18.0,18:51:00,9.2,20:51:00
13,west_brom2015-11-29,-0.94,13,10:05:00,19.87,12:05:00,38.93,14:05:00,76.5,15:56:00,31.07,17:56:00,14.0,19:56:00
14,west_brom2015-12-05,3.45,14,11:00:00,11.27,13:00:00,26.2,15:00:00,47.79,16:51:00,14.73,18:51:00,9.27,20:51:00
15,west_brom2015-12-13,-7.59,15,12:00:00,7.62,14:00:00,27.81,16:00:00,53.07,17:51:00,17.0,19:51:00,8.13,21:51:00
16,west_brom2015-12-19,0.54,16,11:00:00,32.2,13:00:00,34.4,15:00:00,72.5,16:51:00,50.07,18:51:00,28.67,20:51:00
17,west_brom2015-12-26,-2.05,17,11:00:00,36.53,13:00:00,47.13,15:00:00,86.21,16:51:00,43.27,18:51:00,28.73,20:51:00
18,west_brom2015-12-28,-0.81,18,11:00:00,26.0,13:00:00,40.4,15:00:00,63.5,16:51:00,28.2,18:51:00,19.33,20:51:00
19,west_brom2016-01-02,0.78,19,11:00:00,35.4,13:00:00,46.47,15:00:00,71.86,16:51:00,41.67,18:51:00,25.47,20:51:00
20,west_brom2016-01-13,-6.56,20,15:45:00,8.87,17:45:00,28.8,19:45:00,55.93,21:36:00,25.18,23:36:00,,01:36:00
21,west_brom2016-01-16,-3.28,21,11:00:00,40.07,13:00:00,49.93,15:00:00,75.57,16:51:00,46.2,18:51:00,31.47,20:51:00
22,west_brom2016-01-23,-0.89,22,11:00:00,29.2,13:00:00,42.07,15:00:00,76.57,16:51:00,40.33,18:51:00,22.07,20:51:00
23,west_brom2016-02-02,-0.39,23,16:00:00,24.38,18:00:00,41.94,20:00:00,71.5,21:51:00,54.78,23:51:00,,01:51:00
24,west_brom2016-02-06,-0.83,24,11:00:00,21.4,13:00:00,36.0,15:00:00,74.5,16:51:00,33.07,18:51:00,19.13,20:51:00
25,west_brom2016-02-13,-4.48,25,11:00:00,21.47,13:00:00,33.2,15:00:00,85.36,16:51:00,36.27,18:51:00,22.8,20:51:00
26,west_brom2016-02-27,0.68,26,13:30:00,12.0,15:30:00,36.87,17:30:00,76.43,19:21:00,32.8,21:21:00,24.25,23:21:00
27,west_brom2016-03-01,-3.29,27,15:45:00,6.27,17:45:00,21.27,19:45:00,76.86,21:36:00,29.55,23:36:00,,01:36:00
28,west_brom2016-03-06,3.15,28,12:00:00,10.81,14:00:00,31.31,16:00:00,73.0,17:51:00,25.2,19:51:00,8.73,21:51:00
29,west_brom2016-03-19,-0.76,29,11:00:00,26.8,13:00:00,35.73,15:00:00,79.86,16:51:00,40.87,18:51:00,21.07,20:51:00
30,west_brom2016-04-02,-0.92,30,11:00:00,26.13,13:00:00,58.33,15:00:00,64.29,16:51:00,24.67,18:51:00,16.93,20:51:00
31,west_brom2016-04-09,-7.67,31,13:30:00,15.13,15:30:00,61.87,17:30:00,57.86,19:21:00,16.87,21:21:00,13.17,23:21:00
32,west_brom2016-04-16,-0.63,32,11:00:00,30.67,13:00:00,52.07,15:00:00,67.86,16:51:00,34.2,18:51:00,25.6,20:51:00
33,west_brom2016-04-21,-11.74,33,15:45:00,14.07,17:45:00,63.33,19:45:00,48.79,21:36:00,20.09,23:36:00,,01:36:00
34,west_brom2016-04-25,-12.76,34,16:00:00,8.31,18:00:00,38.5,20:00:00,62.5,21:51:00,18.44,23:51:00,,01:51:00
35,west_brom2016-04-30,1.87,35,11:00:00,21.07,13:00:00,56.47,15:00:00,42.0,16:51:00,20.07,18:51:00,15.13,20:51:00
36,west_brom2016-05-07,-2.07,36,11:00:00,35.07,13:00:00,66.87,15:00:00,62.07,16:51:00,31.47,18:51:00,24.87,20:51:00
37,west_brom2016-05-15,0.39,37,11:00:00,12.33,13:00:00,48.33,15:00:00,27.57,16:51:00,8.4,18:51:00,6.53,20:51:00
0,west_ham2015-08-09,-9.71,0,09:30:00,16.67,11:30:00,62.4,13:30:00,63.64,15:21:00,22.07,17:21:00,14.93,19:21:00
1,west_ham2015-08-15,-0.74,1,11:00:00,34.87,13:00:00,63.07,15:00:00,60.79,16:51:00,30.6,18:51:00,23.33,20:51:00
2,west_ham2015-08-22,-0.61,2,11:00:00,31.07,13:00:00,60.0,15:00:00,73.93,16:51:00,35.47,18:51:00,30.67,20:51:00
3,west_ham2015-08-29,-6.63,3,11:00:00,11.27,13:00:00,52.93,15:00:00,41.71,16:51:00,17.53,18:51:00,12.93,20:51:00
4,west_ham2015-09-14,-0.75,4,16:00:00,22.69,18:00:00,67.06,20:00:00,74.29,21:51:00,27.67,23:51:00,,01:51:00
5,west_ham2015-09-19,-9.72,5,13:30:00,8.2,15:30:00,36.6,17:30:00,53.29,19:21:00,19.13,21:21:00,15.5,23:21:00
6,west_ham2015-09-26,-0.76,6,11:00:00,29.27,13:00:00,60.73,15:00:00,72.43,16:51:00,31.6,18:51:00,24.0,20:51:00
7,west_ham2015-10-03,1.09,7,11:00:00,27.2,13:00:00,59.6,15:00:00,68.07,16:51:00,29.33,18:51:00,23.4,20:51:00
8,west_ham2015-10-17,-0.99,8,11:00:00,22.87,13:00:00,46.73,15:00:00,63.64,16:51:00,38.53,18:51:00,29.0,20:51:00
9,west_ham2015-10-24,2.85,9,11:00:00,14.4,13:00:00,54.87,15:00:00,65.21,16:51:00,25.0,18:51:00,17.33,20:51:00
10,west_ham2015-10-31,0.58,10,11:00:00,27.33,13:00:00,39.8,15:00:00,85.57,16:51:00,42.0,18:51:00,25.93,20:51:00
11,west_ham2015-11-07,0.59,11,11:00:00,28.53,13:00:00,40.07,15:00:00,86.57,16:51:00,44.53,18:51:00,26.47,20:51:00
12,west_ham2015-11-22,-4.43,12,12:00:00,24.06,14:00:00,45.25,16:00:00,89.64,17:51:00,47.27,19:51:00,33.47,21:51:00
13,west_ham2015-11-29,-0.94,13,10:05:00,23.73,12:05:00,43.07,14:05:00,83.14,15:56:00,39.0,17:56:00,21.8,19:56:00
14,west_ham2015-12-05,-6.57,14,11:00:00,13.0,13:00:00,30.2,15:00:00,58.64,16:51:00,18.33,18:51:00,9.87,20:51:00
15,west_ham2015-12-12,0.61,15,11:00:00,41.07,13:00:00,49.73,15:00:00,90.93,16:51:00,51.07,18:51:00,34.4,20:51:00
16,west_ham2015-12-20,-0.9,16,12:00:00,26.5,14:00:00,48.25,16:00:00,87.79,17:51:00,45.67,19:51:00,25.4,21:51:00
17,west_ham2015-12-26,0.65,17,11:00:00,33.07,13:00:00,45.8,15:00:00,89.86,16:51:00,44.2,18:51:00,29.07,20:51:00
18,west_ham2015-12-28,1.42,18,13:30:00,19.6,15:30:00,36.53,17:30:00,69.29,19:21:00,38.27,21:21:00,24.67,23:21:00
19,west_ham2016-01-02,1.87,19,08:45:00,11.6,10:45:00,32.4,12:45:00,76.93,14:36:00,25.87,16:36:00,11.13,18:36:00
20,west_ham2016-01-12,-1.01,20,15:45:00,18.33,17:45:00,31.73,19:45:00,68.71,21:36:00,63.0,23:36:00,,01:36:00
21,west_ham2016-01-16,0.52,21,11:00:00,23.67,13:00:00,37.67,15:00:00,79.14,16:51:00,36.73,18:51:00,20.8,20:51:00
22,west_ham2016-01-23,3.91,22,13:30:00,10.0,15:30:00,25.67,17:30:00,80.36,19:21:00,29.8,21:21:00,19.58,23:21:00
23,west_ham2016-02-02,-2.12,23,15:45:00,20.33,17:45:00,35.73,19:45:00,78.93,21:36:00,54.09,23:36:00,,01:36:00
24,west_ham2016-02-06,-3.27,24,13:30:00,21.93,15:30:00,44.47,17:30:00,87.0,19:21:00,37.53,21:21:00,22.92,23:21:00
25,west_ham2016-02-13,-0.58,25,11:00:00,25.33,13:00:00,35.13,15:00:00,72.5,16:51:00,42.73,18:51:00,24.47,20:51:00
26,west_ham2016-02-27,-2.18,26,08:45:00,21.33,10:45:00,40.93,12:45:00,84.71,14:36:00,34.07,16:36:00,16.73,18:36:00
27,west_ham2016-03-02,1.91,27,15:45:00,9.4,17:45:00,29.0,19:45:00,77.29,21:36:00,44.18,23:36:00,,01:36:00
28,west_ham2016-03-05,-3.29,28,11:00:00,15.0,13:00:00,22.93,15:00:00,51.64,16:51:00,46.33,18:51:00,26.07,20:51:00
29,west_ham2016-03-19,-2.27,29,11:00:00,20.0,13:00:00,34.73,15:00:00,88.71,16:51:00,37.13,18:51:00,19.93,20:51:00
30,west_ham2016-04-02,-2.05,30,11:00:00,21.27,13:00:00,51.67,15:00:00,66.14,16:51:00,25.6,18:51:00,18.33,20:51:00
31,west_ham2016-04-09,2.67,31,08:45:00,10.8,10:45:00,47.53,12:45:00,57.36,14:36:00,15.07,16:36:00,9.47,18:36:00
32,west_ham2016-04-17,-2.06,32,09:30:00,11.27,11:30:00,50.33,13:30:00,62.29,15:21:00,18.53,17:21:00,11.33,19:21:00
33,west_ham2016-04-20,-4.46,33,15:45:00,18.47,17:45:00,59.13,19:45:00,70.64,21:36:00,27.91,23:36:00,,01:36:00
34,west_ham2016-04-30,1.87,34,11:00:00,31.2,13:00:00,66.07,15:00:00,75.43,16:51:00,39.73,18:51:00,29.87,20:51:00
35,west_ham2016-05-07,-5.56,35,11:00:00,32.67,13:00:00,67.73,15:00:00,72.79,16:51:00,32.53,18:51:00,22.4,20:51:00
36,west_ham2016-05-10,0.97,36,16:30:00,15.13,18:30:00,57.8,20:30:00,63.21,22:21:00,,00:21:00,1.0,02:21:00
37,west_ham2016-05-15,1.44,37,11:00:00,30.87,13:00:00,55.13,15:00:00,68.07,16:51:00,28.33,18:51:00,23.13,20:51:00
