date,Leicester City Football Club,Leicester City,isPartial
2015-08-08 13:04:00,1,22,False
2015-08-08 13:12:00,1,19,False
2015-08-08 13:20:00,0,20,False
2015-08-08 13:28:00,0,21,False
2015-08-08 13:36:00,0,36,False
2015-08-08 13:44:00,1,34,False
2015-08-08 13:52:00,0,47,False
2015-08-08 14:00:00,1,58,False
2015-08-08 14:08:00,1,58,False
2015-08-08 14:16:00,1,71,False
2015-08-08 14:24:00,1,100,False
2015-08-08 14:32:00,2,82,False
2015-08-08 14:40:00,1,63,False
2015-08-08 14:48:00,1,64,False
2015-08-08 14:56:00,1,54,False
2015-08-08 15:04:00,0,51,False
2015-08-08 15:12:00,1,57,False
2015-08-08 15:20:00,1,59,False
2015-08-08 15:28:00,1,55,False
2015-08-08 15:36:00,1,50,False
2015-08-08 15:44:00,1,44,False
2015-08-08 15:52:00,1,51,False
2015-08-08 16:00:00,1,46,False
2015-08-08 16:08:00,1,42,False
2015-08-08 16:16:00,1,29,False
2015-08-08 16:24:00,1,35,False
2015-08-08 16:32:00,0,33,False
2015-08-08 16:40:00,1,28,False
2015-08-08 16:48:00,0,25,False
2015-08-08 16:56:00,1,21,False
2015-08-08 17:04:00,0,27,False
2015-08-08 17:12:00,1,21,False
2015-08-08 17:20:00,0,21,False
2015-08-08 17:28:00,1,21,False
2015-08-08 17:36:00,0,20,False
2015-08-08 17:44:00,0,19,False
2015-08-08 17:52:00,0,22,False
2015-08-08 18:00:00,1,21,False
2015-08-08 18:08:00,1,20,False
2015-08-08 18:16:00,0,17,False
2015-08-08 18:24:00,0,24,False
2015-08-08 18:32:00,0,21,False
2015-08-08 18:40:00,1,22,False
2015-08-08 18:48:00,0,23,False
2015-08-08 18:56:00,0,22,False
2015-08-15 13:04:00,1,31,False
2015-08-15 13:12:00,1,29,False
2015-08-15 13:20:00,1,25,False
2015-08-15 13:28:00,0,28,False
2015-08-15 13:36:00,0,38,False
2015-08-15 13:44:00,0,34,False
2015-08-15 13:52:00,0,43,False
2015-08-15 14:00:00,1,59,False
2015-08-15 14:08:00,1,54,False
2015-08-15 14:16:00,0,54,False
2015-08-15 14:24:00,1,65,False
2015-08-15 14:32:00,1,76,False
2015-08-15 14:40:00,1,93,False
2015-08-15 14:48:00,2,87,False
2015-08-15 14:56:00,1,76,False
2015-08-15 15:04:00,1,68,False
2015-08-15 15:12:00,3,76,False
2015-08-15 15:20:00,1,71,False
2015-08-15 15:28:00,2,72,False
2015-08-15 15:36:00,2,65,False
2015-08-15 15:44:00,1,66,False
2015-08-15 15:52:00,2,100,False
2015-08-15 16:00:00,1,66,False
2015-08-15 16:08:00,2,73,False
2015-08-15 16:16:00,1,57,False
2015-08-15 16:24:00,1,48,False
2015-08-15 16:32:00,1,45,False
2015-08-15 16:40:00,0,39,False
2015-08-15 16:48:00,1,42,False
2015-08-15 16:56:00,1,46,False
2015-08-15 17:04:00,1,38,False
2015-08-15 17:12:00,1,45,False
2015-08-15 17:20:00,1,46,False
2015-08-15 17:28:00,1,36,False
2015-08-15 17:36:00,0,36,False
2015-08-15 17:44:00,0,31,False
2015-08-15 17:52:00,0,32,False
2015-08-15 18:00:00,0,28,False
2015-08-15 18:08:00,1,32,False
2015-08-15 18:16:00,0,34,False
2015-08-15 18:24:00,1,29,False
2015-08-15 18:32:00,0,34,False
2015-08-15 18:40:00,1,34,False
2015-08-15 18:48:00,0,27,False
2015-08-15 18:56:00,0,29,False
2015-08-22 13:04:00,0,20,False
2015-08-22 13:12:00,0,18,False
2015-08-22 13:20:00,0,21,False
2015-08-22 13:28:00,1,25,False
2015-08-22 13:36:00,0,41,False
2015-08-22 13:44:00,0,52,False
2015-08-22 13:52:00,0,54,False
2015-08-22 14:00:00,1,79,False
2015-08-22 14:08:00,0,73,False
2015-08-22 14:16:00,1,71,False
2015-08-22 14:24:00,1,95,False
2015-08-22 14:32:00,1,63,False
2015-08-22 14:40:00,1,63,False
2015-08-22 14:48:00,0,55,False
2015-08-22 14:56:00,1,45,False
2015-08-22 15:04:00,0,65,False
2015-08-22 15:12:00,1,62,False
2015-08-22 15:20:00,0,70,False
2015-08-22 15:28:00,1,91,False
2015-08-22 15:36:00,1,100,False
2015-08-22 15:44:00,1,79,False
2015-08-22 15:52:00,1,68,False
2015-08-22 16:00:00,1,57,False
2015-08-22 16:08:00,1,43,False
2015-08-22 16:16:00,1,40,False
2015-08-22 16:24:00,0,38,False
2015-08-22 16:32:00,1,33,False
2015-08-22 16:40:00,1,29,False
2015-08-22 16:48:00,0,31,False
2015-08-22 16:56:00,0,31,False
2015-08-22 17:04:00,0,23,False
2015-08-22 17:12:00,0,23,False
2015-08-22 17:20:00,1,24,False
2015-08-22 17:28:00,0,23,False
2015-08-22 17:36:00,0,22,False
2015-08-22 17:44:00,0,21,False
2015-08-22 17:52:00,0,19,False
2015-08-22 18:00:00,0,21,False
2015-08-22 18:08:00,0,18,False
2015-08-22 18:16:00,0,18,False
2015-08-22 18:24:00,0,19,False
2015-08-22 18:32:00,0,15,False
2015-08-22 18:40:00,0,18,False
2015-08-22 18:48:00,0,16,False
2015-08-22 18:56:00,0,17,False
2015-08-29 13:04:00,0,33,False
2015-08-29 13:12:00,1,35,False
2015-08-29 13:20:00,0,38,False
2015-08-29 13:28:00,0,48,False
2015-08-29 13:36:00,1,54,False
2015-08-29 13:44:00,0,56,False
2015-08-29 13:52:00,1,56,False
2015-08-29 14:00:00,0,80,False
2015-08-29 14:08:00,3,76,False
2015-08-29 14:16:00,1,69,False
2015-08-29 14:24:00,1,66,False
2015-08-29 14:32:00,0,67,False
2015-08-29 14:40:00,1,63,False
2015-08-29 14:48:00,1,62,False
2015-08-29 14:56:00,1,58,False
2015-08-29 15:04:00,1,71,False
2015-08-29 15:12:00,1,70,False
2015-08-29 15:20:00,1,75,False
2015-08-29 15:28:00,1,79,False
2015-08-29 15:36:00,1,75,False
2015-08-29 15:44:00,1,82,False
2015-08-29 15:52:00,1,100,False
2015-08-29 16:00:00,1,85,False
2015-08-29 16:08:00,1,65,False
2015-08-29 16:16:00,0,52,False
2015-08-29 16:24:00,1,51,False
2015-08-29 16:32:00,0,42,False
2015-08-29 16:40:00,3,46,False
2015-08-29 16:48:00,1,36,False
2015-08-29 16:56:00,0,47,False
2015-08-29 17:04:00,1,36,False
2015-08-29 17:12:00,0,36,False
2015-08-29 17:20:00,1,31,False
2015-08-29 17:28:00,1,34,False
2015-08-29 17:36:00,0,34,False
2015-08-29 17:44:00,0,29,False
2015-08-29 17:52:00,0,30,False
2015-08-29 18:00:00,1,32,False
2015-08-29 18:08:00,1,26,False
2015-08-29 18:16:00,0,27,False
2015-08-29 18:24:00,0,31,False
2015-08-29 18:32:00,1,22,False
2015-08-29 18:40:00,1,27,False
2015-08-29 18:48:00,0,28,False
2015-08-29 18:56:00,0,25,False
2015-09-13 14:00:00,0,14,False
2015-09-13 14:08:00,0,15,False
2015-09-13 14:16:00,0,16,False
2015-09-13 14:24:00,0,22,False
2015-09-13 14:32:00,0,25,False
2015-09-13 14:40:00,0,30,False
2015-09-13 14:48:00,0,32,False
2015-09-13 14:56:00,1,41,False
2015-09-13 15:04:00,0,41,False
2015-09-13 15:12:00,1,35,False
2015-09-13 15:20:00,0,34,False
2015-09-13 15:28:00,0,34,False
2015-09-13 15:36:00,1,32,False
2015-09-13 15:44:00,0,32,False
2015-09-13 15:52:00,0,24,False
2015-09-13 16:00:00,0,33,False
2015-09-13 16:08:00,0,41,False
2015-09-13 16:16:00,1,46,False
2015-09-13 16:24:00,0,45,False
2015-09-13 16:32:00,1,50,False
2015-09-13 16:40:00,1,71,False
2015-09-13 16:48:00,1,100,False
2015-09-13 16:56:00,1,96,False
2015-09-13 17:04:00,1,61,False
2015-09-13 17:12:00,1,48,False
2015-09-13 17:20:00,2,50,False
2015-09-13 17:28:00,0,34,False
2015-09-13 17:36:00,1,30,False
2015-09-13 17:44:00,1,29,False
2015-09-13 17:52:00,0,23,False
2015-09-13 18:00:00,1,22,False
2015-09-13 18:08:00,0,22,False
2015-09-13 18:16:00,0,20,False
2015-09-13 18:24:00,1,21,False
2015-09-13 18:32:00,0,18,False
2015-09-13 18:40:00,0,20,False
2015-09-13 18:48:00,0,19,False
2015-09-13 18:56:00,0,18,False
2015-09-13 19:04:00,0,18,False
2015-09-13 19:12:00,0,17,False
2015-09-13 19:20:00,1,18,False
2015-09-13 19:28:00,1,19,False
2015-09-13 19:36:00,0,16,False
2015-09-13 19:44:00,0,17,False
2015-09-13 19:52:00,0,16,False
2015-09-13 20:00:00,0,15,False
2015-09-19 13:04:00,1,26,False
2015-09-19 13:12:00,1,30,False
2015-09-19 13:20:00,0,29,False
2015-09-19 13:28:00,1,34,False
2015-09-19 13:36:00,1,40,False
2015-09-19 13:44:00,0,56,False
2015-09-19 13:52:00,0,64,False
2015-09-19 14:00:00,0,81,False
2015-09-19 14:08:00,0,82,False
2015-09-19 14:16:00,0,67,False
2015-09-19 14:24:00,0,63,False
2015-09-19 14:32:00,1,51,False
2015-09-19 14:40:00,1,58,False
2015-09-19 14:48:00,0,51,False
2015-09-19 14:56:00,0,60,False
2015-09-19 15:04:00,0,75,False
2015-09-19 15:12:00,0,77,False
2015-09-19 15:20:00,0,88,False
2015-09-19 15:28:00,0,100,False
2015-09-19 15:36:00,1,95,False
2015-09-19 15:44:00,1,81,False
2015-09-19 15:52:00,1,89,False
2015-09-19 16:00:00,0,70,False
2015-09-19 16:08:00,0,68,False
2015-09-19 16:16:00,1,58,False
2015-09-19 16:24:00,1,45,False
2015-09-19 16:32:00,0,46,False
2015-09-19 16:40:00,0,44,False
2015-09-19 16:48:00,0,41,False
2015-09-19 16:56:00,0,35,False
2015-09-19 17:04:00,1,40,False
2015-09-19 17:12:00,1,39,False
2015-09-19 17:20:00,1,37,False
2015-09-19 17:28:00,1,34,False
2015-09-19 17:36:00,0,27,False
2015-09-19 17:44:00,1,32,False
2015-09-19 17:52:00,0,34,False
2015-09-19 18:00:00,1,31,False
2015-09-19 18:08:00,1,33,False
2015-09-19 18:16:00,0,38,False
2015-09-19 18:24:00,1,50,False
2015-09-19 18:32:00,1,41,False
2015-09-19 18:40:00,0,37,False
2015-09-19 18:48:00,0,27,False
2015-09-19 18:56:00,0,28,False
2015-09-26 13:04:00,0,22,False
2015-09-26 13:12:00,0,25,False
2015-09-26 13:20:00,0,24,False
2015-09-26 13:28:00,0,28,False
2015-09-26 13:36:00,0,45,False
2015-09-26 13:44:00,0,56,False
2015-09-26 13:52:00,1,78,False
2015-09-26 14:00:00,0,100,False
2015-09-26 14:08:00,0,99,False
2015-09-26 14:16:00,1,98,False
2015-09-26 14:24:00,0,84,False
2015-09-26 14:32:00,0,81,False
2015-09-26 14:40:00,1,73,False
2015-09-26 14:48:00,0,60,False
2015-09-26 14:56:00,0,61,False
2015-09-26 15:04:00,1,69,False
2015-09-26 15:12:00,0,75,False
2015-09-26 15:20:00,1,67,False
2015-09-26 15:28:00,0,60,False
2015-09-26 15:36:00,0,63,False
2015-09-26 15:44:00,0,60,False
2015-09-26 15:52:00,0,64,False
2015-09-26 16:00:00,0,51,False
2015-09-26 16:08:00,1,51,False
2015-09-26 16:16:00,0,40,False
2015-09-26 16:24:00,0,32,False
2015-09-26 16:32:00,0,33,False
2015-09-26 16:40:00,0,31,False
2015-09-26 16:48:00,0,24,False
2015-09-26 16:56:00,0,28,False
2015-09-26 17:04:00,0,27,False
2015-09-26 17:12:00,0,21,False
2015-09-26 17:20:00,0,21,False
2015-09-26 17:28:00,0,20,False
2015-09-26 17:36:00,0,19,False
2015-09-26 17:44:00,0,20,False
2015-09-26 17:52:00,0,20,False
2015-09-26 18:00:00,0,18,False
2015-09-26 18:08:00,0,17,False
2015-09-26 18:16:00,0,17,False
2015-09-26 18:24:00,0,18,False
2015-09-26 18:32:00,0,20,False
2015-09-26 18:40:00,0,20,False
2015-09-26 18:48:00,0,18,False
2015-09-26 18:56:00,1,20,False
2015-10-03 13:04:00,0,43,False
2015-10-03 13:12:00,1,46,False
2015-10-03 13:20:00,0,38,False
2015-10-03 13:28:00,0,45,False
2015-10-03 13:36:00,0,42,False
2015-10-03 13:44:00,0,54,False
2015-10-03 13:52:00,0,52,False
2015-10-03 14:00:00,1,75,False
2015-10-03 14:08:00,1,69,False
2015-10-03 14:16:00,0,69,False
2015-10-03 14:24:00,0,82,False
2015-10-03 14:32:00,0,77,False
2015-10-03 14:40:00,0,78,False
2015-10-03 14:48:00,2,85,False
2015-10-03 14:56:00,1,72,False
2015-10-03 15:04:00,0,93,False
2015-10-03 15:12:00,0,87,False
2015-10-03 15:20:00,1,90,False
2015-10-03 15:28:00,1,94,False
2015-10-03 15:36:00,2,93,False
2015-10-03 15:44:00,4,87,False
2015-10-03 15:52:00,0,100,False
2015-10-03 16:00:00,1,84,False
2015-10-03 16:08:00,1,71,False
2015-10-03 16:16:00,0,62,False
2015-10-03 16:24:00,2,55,False
2015-10-03 16:32:00,2,55,False
2015-10-03 16:40:00,2,50,False
2015-10-03 16:48:00,0,45,False
2015-10-03 16:56:00,1,55,False
2015-10-03 17:04:00,1,45,False
2015-10-03 17:12:00,1,39,False
2015-10-03 17:20:00,0,44,False
2015-10-03 17:28:00,0,35,False
2015-10-03 17:36:00,2,42,False
2015-10-03 17:44:00,1,37,False
2015-10-03 17:52:00,2,43,False
2015-10-03 18:00:00,0,44,False
2015-10-03 18:08:00,1,32,False
2015-10-03 18:16:00,2,34,False
2015-10-03 18:24:00,2,36,False
2015-10-03 18:32:00,0,44,False
2015-10-03 18:40:00,1,43,False
2015-10-03 18:48:00,1,33,False
2015-10-03 18:56:00,0,35,False
2015-10-17 13:04:00,0,29,False
2015-10-17 13:12:00,0,22,False
2015-10-17 13:20:00,1,24,False
2015-10-17 13:28:00,1,24,False
2015-10-17 13:36:00,0,31,False
2015-10-17 13:44:00,1,35,False
2015-10-17 13:52:00,0,40,False
2015-10-17 14:00:00,0,51,False
2015-10-17 14:08:00,0,54,False
2015-10-17 14:16:00,0,38,False
2015-10-17 14:24:00,1,43,False
2015-10-17 14:32:00,1,54,False
2015-10-17 14:40:00,0,45,False
2015-10-17 14:48:00,1,44,False
2015-10-17 14:56:00,3,52,False
2015-10-17 15:04:00,1,55,False
2015-10-17 15:12:00,1,59,False
2015-10-17 15:20:00,1,51,False
2015-10-17 15:28:00,0,54,False
2015-10-17 15:36:00,1,54,False
2015-10-17 15:44:00,1,68,False
2015-10-17 15:52:00,1,100,False
2015-10-17 16:00:00,0,70,False
2015-10-17 16:08:00,0,62,False
2015-10-17 16:16:00,0,56,False
2015-10-17 16:24:00,1,49,False
2015-10-17 16:32:00,0,43,False
2015-10-17 16:40:00,2,43,False
2015-10-17 16:48:00,1,35,False
2015-10-17 16:56:00,1,44,False
2015-10-17 17:04:00,1,39,False
2015-10-17 17:12:00,0,37,False
2015-10-17 17:20:00,1,36,False
2015-10-17 17:28:00,1,32,False
2015-10-17 17:36:00,0,33,False
2015-10-17 17:44:00,1,28,False
2015-10-17 17:52:00,1,24,False
2015-10-17 18:00:00,0,29,False
2015-10-17 18:08:00,0,29,False
2015-10-17 18:16:00,2,31,False
2015-10-17 18:24:00,1,29,False
2015-10-17 18:32:00,2,26,False
2015-10-17 18:40:00,0,25,False
2015-10-17 18:48:00,0,31,False
2015-10-17 18:56:00,0,21,False
2015-10-24 13:04:00,1,29,False
2015-10-24 13:12:00,1,34,False
2015-10-24 13:20:00,1,35,False
2015-10-24 13:28:00,0,36,False
2015-10-24 13:36:00,0,35,False
2015-10-24 13:44:00,0,44,False
2015-10-24 13:52:00,1,50,False
2015-10-24 14:00:00,0,64,False
2015-10-24 14:08:00,1,56,False
2015-10-24 14:16:00,1,68,False
2015-10-24 14:24:00,1,64,False
2015-10-24 14:32:00,2,58,False
2015-10-24 14:40:00,0,52,False
2015-10-24 14:48:00,1,58,False
2015-10-24 14:56:00,1,58,False
2015-10-24 15:04:00,1,65,False
2015-10-24 15:12:00,1,84,False
2015-10-24 15:20:00,2,83,False
2015-10-24 15:28:00,2,92,False
2015-10-24 15:36:00,1,89,False
2015-10-24 15:44:00,1,88,False
2015-10-24 15:52:00,2,100,False
2015-10-24 16:00:00,1,76,False
2015-10-24 16:08:00,1,63,False
2015-10-24 16:16:00,1,59,False
2015-10-24 16:24:00,0,61,False
2015-10-24 16:32:00,1,40,False
2015-10-24 16:40:00,0,40,False
2015-10-24 16:48:00,1,46,False
2015-10-24 16:56:00,0,42,False
2015-10-24 17:04:00,1,34,False
2015-10-24 17:12:00,0,31,False
2015-10-24 17:20:00,0,37,False
2015-10-24 17:28:00,1,38,False
2015-10-24 17:36:00,0,33,False
2015-10-24 17:44:00,1,35,False
2015-10-24 17:52:00,0,31,False
2015-10-24 18:00:00,0,31,False
2015-10-24 18:08:00,0,27,False
2015-10-24 18:16:00,0,29,False
2015-10-24 18:24:00,0,31,False
2015-10-24 18:32:00,0,29,False
2015-10-24 18:40:00,0,30,False
2015-10-24 18:48:00,1,29,False
2015-10-24 18:56:00,0,29,False
2015-10-31 13:04:00,0,13,False
2015-10-31 13:12:00,0,16,False
2015-10-31 13:20:00,1,15,False
2015-10-31 13:28:00,0,11,False
2015-10-31 13:36:00,0,18,False
2015-10-31 13:44:00,0,13,False
2015-10-31 13:52:00,0,15,False
2015-10-31 14:00:00,0,22,False
2015-10-31 14:08:00,0,19,False
2015-10-31 14:16:00,0,20,False
2015-10-31 14:24:00,0,23,False
2015-10-31 14:32:00,0,23,False
2015-10-31 14:40:00,0,25,False
2015-10-31 14:48:00,0,26,False
2015-10-31 14:56:00,0,30,False
2015-10-31 15:04:00,0,31,False
2015-10-31 15:12:00,0,38,False
2015-10-31 15:20:00,0,36,False
2015-10-31 15:28:00,1,44,False
2015-10-31 15:36:00,1,40,False
2015-10-31 15:44:00,1,40,False
2015-10-31 15:52:00,0,42,False
2015-10-31 16:00:00,1,51,False
2015-10-31 16:08:00,1,58,False
2015-10-31 16:16:00,1,75,False
2015-10-31 16:24:00,0,87,False
2015-10-31 16:32:00,2,97,False
2015-10-31 16:40:00,1,79,False
2015-10-31 16:48:00,0,96,False
2015-10-31 16:56:00,1,100,False
2015-10-31 17:04:00,1,72,False
2015-10-31 17:12:00,1,60,False
2015-10-31 17:20:00,0,61,False
2015-10-31 17:28:00,1,56,False
2015-10-31 17:36:00,0,41,False
2015-10-31 17:44:00,0,40,False
2015-10-31 17:52:00,0,46,False
2015-10-31 18:00:00,1,41,False
2015-10-31 18:08:00,1,40,False
2015-10-31 18:16:00,0,34,False
2015-10-31 18:24:00,0,36,False
2015-10-31 18:32:00,1,31,False
2015-10-31 18:40:00,1,36,False
2015-10-31 18:48:00,0,38,False
2015-10-31 18:56:00,0,34,False
2015-11-07 13:04:00,0,15,False
2015-11-07 13:12:00,0,15,False
2015-11-07 13:20:00,0,14,False
2015-11-07 13:28:00,0,16,False
2015-11-07 13:36:00,0,13,False
2015-11-07 13:44:00,0,16,False
2015-11-07 13:52:00,0,17,False
2015-11-07 14:00:00,0,19,False
2015-11-07 14:08:00,0,19,False
2015-11-07 14:16:00,0,17,False
2015-11-07 14:24:00,0,17,False
2015-11-07 14:32:00,0,20,False
2015-11-07 14:40:00,0,24,False
2015-11-07 14:48:00,0,24,False
2015-11-07 14:56:00,0,36,False
2015-11-07 15:04:00,0,31,False
2015-11-07 15:12:00,1,37,False
2015-11-07 15:20:00,0,33,False
2015-11-07 15:28:00,0,34,False
2015-11-07 15:36:00,0,33,False
2015-11-07 15:44:00,1,40,False
2015-11-07 15:52:00,0,41,False
2015-11-07 16:00:00,1,43,False
2015-11-07 16:08:00,1,69,False
2015-11-07 16:16:00,1,71,False
2015-11-07 16:24:00,1,94,False
2015-11-07 16:32:00,2,70,False
2015-11-07 16:40:00,1,69,False
2015-11-07 16:48:00,1,100,False
2015-11-07 16:56:00,0,86,False
2015-11-07 17:04:00,0,69,False
2015-11-07 17:12:00,0,59,False
2015-11-07 17:20:00,1,45,False
2015-11-07 17:28:00,1,45,False
2015-11-07 17:36:00,1,38,False
2015-11-07 17:44:00,0,35,False
2015-11-07 17:52:00,0,35,False
2015-11-07 18:00:00,0,35,False
2015-11-07 18:08:00,0,34,False
2015-11-07 18:16:00,0,34,False
2015-11-07 18:24:00,0,33,False
2015-11-07 18:32:00,0,34,False
2015-11-07 18:40:00,0,26,False
2015-11-07 18:48:00,0,27,False
2015-11-07 18:56:00,0,27,False
2015-11-21 13:04:00,0,9,False
2015-11-21 13:12:00,0,11,False
2015-11-21 13:20:00,0,11,False
2015-11-21 13:28:00,0,10,False
2015-11-21 13:36:00,0,12,False
2015-11-21 13:44:00,0,11,False
2015-11-21 13:52:00,0,8,False
2015-11-21 14:00:00,0,11,False
2015-11-21 14:08:00,0,11,False
2015-11-21 14:16:00,0,14,False
2015-11-21 14:24:00,0,11,False
2015-11-21 14:32:00,0,17,False
2015-11-21 14:40:00,0,19,False
2015-11-21 14:48:00,0,22,False
2015-11-21 14:56:00,0,24,False
2015-11-21 15:04:00,0,25,False
2015-11-21 15:12:00,0,26,False
2015-11-21 15:20:00,0,25,False
2015-11-21 15:28:00,0,30,False
2015-11-21 15:36:00,0,31,False
2015-11-21 15:44:00,1,58,False
2015-11-21 15:52:00,0,61,False
2015-11-21 16:00:00,1,53,False
2015-11-21 16:08:00,0,54,False
2015-11-21 16:16:00,0,59,False
2015-11-21 16:24:00,1,61,False
2015-11-21 16:32:00,1,60,False
2015-11-21 16:40:00,1,70,False
2015-11-21 16:48:00,1,100,False
2015-11-21 16:56:00,1,86,False
2015-11-21 17:04:00,2,69,False
2015-11-21 17:12:00,0,49,False
2015-11-21 17:20:00,1,47,False
2015-11-21 17:28:00,1,37,False
2015-11-21 17:36:00,0,44,False
2015-11-21 17:44:00,0,52,False
2015-11-21 17:52:00,0,55,False
2015-11-21 18:00:00,0,58,False
2015-11-21 18:08:00,1,71,False
2015-11-21 18:16:00,0,53,False
2015-11-21 18:24:00,0,45,False
2015-11-21 18:32:00,0,39,False
2015-11-21 18:40:00,0,47,False
2015-11-21 18:48:00,1,43,False
2015-11-21 18:56:00,1,51,False
2015-11-28 15:04:00,0,9,False
2015-11-28 15:12:00,0,10,False
2015-11-28 15:20:00,0,10,False
2015-11-28 15:28:00,0,10,False
2015-11-28 15:36:00,0,10,False
2015-11-28 15:44:00,0,10,False
2015-11-28 15:52:00,0,12,False
2015-11-28 16:00:00,0,12,False
2015-11-28 16:08:00,0,11,False
2015-11-28 16:16:00,0,12,False
2015-11-28 16:24:00,0,13,False
2015-11-28 16:32:00,0,15,False
2015-11-28 16:40:00,0,16,False
2015-11-28 16:48:00,0,18,False
2015-11-28 16:56:00,0,23,False
2015-11-28 17:04:00,0,28,False
2015-11-28 17:12:00,0,32,False
2015-11-28 17:20:00,0,46,False
2015-11-28 17:28:00,0,67,False
2015-11-28 17:36:00,0,63,False
2015-11-28 17:44:00,1,60,False
2015-11-28 17:52:00,1,100,False
2015-11-28 18:00:00,1,95,False
2015-11-28 18:08:00,1,76,False
2015-11-28 18:16:00,0,64,False
2015-11-28 18:24:00,0,54,False
2015-11-28 18:32:00,0,58,False
2015-11-28 18:40:00,0,70,False
2015-11-28 18:48:00,1,62,False
2015-11-28 18:56:00,1,89,False
2015-11-28 19:04:00,0,60,False
2015-11-28 19:12:00,0,61,False
2015-11-28 19:20:00,0,55,False
2015-11-28 19:28:00,0,42,False
2015-11-28 19:36:00,0,32,False
2015-11-28 19:44:00,0,28,False
2015-11-28 19:52:00,0,25,False
2015-11-28 20:00:00,0,22,False
2015-11-28 20:08:00,0,19,False
2015-11-28 20:16:00,0,19,False
2015-11-28 20:24:00,0,17,False
2015-11-28 20:32:00,0,16,False
2015-11-28 20:40:00,0,16,False
2015-11-28 20:48:00,0,15,False
2015-11-28 20:56:00,0,15,False
2015-12-05 13:04:00,0,10,False
2015-12-05 13:12:00,0,12,False
2015-12-05 13:20:00,0,10,False
2015-12-05 13:28:00,0,11,False
2015-12-05 13:36:00,0,13,False
2015-12-05 13:44:00,0,12,False
2015-12-05 13:52:00,0,11,False
2015-12-05 14:00:00,0,14,False
2015-12-05 14:08:00,0,14,False
2015-12-05 14:16:00,0,15,False
2015-12-05 14:24:00,0,16,False
2015-12-05 14:32:00,0,18,False
2015-12-05 14:40:00,0,21,False
2015-12-05 14:48:00,0,24,False
2015-12-05 14:56:00,0,30,False
2015-12-05 15:04:00,0,56,False
2015-12-05 15:12:00,0,54,False
2015-12-05 15:20:00,0,71,False
2015-12-05 15:28:00,1,66,False
2015-12-05 15:36:00,0,53,False
2015-12-05 15:44:00,0,59,False
2015-12-05 15:52:00,0,55,False
2015-12-05 16:00:00,1,51,False
2015-12-05 16:08:00,0,54,False
2015-12-05 16:16:00,0,63,False
2015-12-05 16:24:00,1,86,False
2015-12-05 16:32:00,0,70,False
2015-12-05 16:40:00,0,75,False
2015-12-05 16:48:00,1,100,False
2015-12-05 16:56:00,1,95,False
2015-12-05 17:04:00,0,74,False
2015-12-05 17:12:00,1,60,False
2015-12-05 17:20:00,1,50,False
2015-12-05 17:28:00,0,41,False
2015-12-05 17:36:00,0,41,False
2015-12-05 17:44:00,0,40,False
2015-12-05 17:52:00,0,39,False
2015-12-05 18:00:00,0,39,False
2015-12-05 18:08:00,0,32,False
2015-12-05 18:16:00,0,34,False
2015-12-05 18:24:00,0,34,False
2015-12-05 18:32:00,0,30,False
2015-12-05 18:40:00,0,31,False
2015-12-05 18:48:00,0,27,False
2015-12-05 18:56:00,1,32,False
2015-12-14 18:00:00,0,7,False
2015-12-14 18:08:00,0,7,False
2015-12-14 18:16:00,0,8,False
2015-12-14 18:24:00,0,7,False
2015-12-14 18:32:00,0,8,False
2015-12-14 18:40:00,0,9,False
2015-12-14 18:48:00,0,10,False
2015-12-14 18:56:00,0,11,False
2015-12-14 19:04:00,0,12,False
2015-12-14 19:12:00,0,13,False
2015-12-14 19:20:00,0,13,False
2015-12-14 19:28:00,0,14,False
2015-12-14 19:36:00,0,16,False
2015-12-14 19:44:00,0,20,False
2015-12-14 19:52:00,0,30,False
2015-12-14 20:00:00,0,43,False
2015-12-14 20:08:00,0,39,False
2015-12-14 20:16:00,0,40,False
2015-12-14 20:24:00,0,37,False
2015-12-14 20:32:00,1,59,False
2015-12-14 20:40:00,0,53,False
2015-12-14 20:48:00,0,49,False
2015-12-14 20:56:00,0,45,False
2015-12-14 21:04:00,1,73,False
2015-12-14 21:12:00,0,72,False
2015-12-14 21:20:00,0,63,False
2015-12-14 21:28:00,0,63,False
2015-12-14 21:36:00,1,69,False
2015-12-14 21:44:00,0,71,False
2015-12-14 21:52:00,1,100,False
2015-12-14 22:00:00,1,71,False
2015-12-14 22:08:00,1,52,False
2015-12-14 22:16:00,0,44,False
2015-12-14 22:24:00,0,39,False
2015-12-14 22:32:00,1,40,False
2015-12-14 22:40:00,0,34,False
2015-12-14 22:48:00,0,32,False
2015-12-14 22:56:00,0,29,False
2015-12-14 23:04:00,0,28,False
2015-12-14 23:12:00,0,26,False
2015-12-14 23:20:00,0,24,False
2015-12-14 23:28:00,0,24,False
2015-12-14 23:36:00,0,22,False
2015-12-14 23:44:00,0,22,False
2015-12-14 23:52:00,0,20,False
2015-12-15 00:00:00,0,21,False
2015-12-19 13:04:00,0,11,False
2015-12-19 13:12:00,0,11,False
2015-12-19 13:20:00,0,10,False
2015-12-19 13:28:00,0,11,False
2015-12-19 13:36:00,0,11,False
2015-12-19 13:44:00,0,12,False
2015-12-19 13:52:00,0,12,False
2015-12-19 14:00:00,0,12,False
2015-12-19 14:08:00,0,13,False
2015-12-19 14:16:00,0,13,False
2015-12-19 14:24:00,0,13,False
2015-12-19 14:32:00,0,15,False
2015-12-19 14:40:00,0,17,False
2015-12-19 14:48:00,0,21,False
2015-12-19 14:56:00,0,30,False
2015-12-19 15:04:00,0,35,False
2015-12-19 15:12:00,1,40,False
2015-12-19 15:20:00,0,39,False
2015-12-19 15:28:00,1,65,False
2015-12-19 15:36:00,1,44,False
2015-12-19 15:44:00,1,45,False
2015-12-19 15:52:00,1,42,False
2015-12-19 16:00:00,1,43,False
2015-12-19 16:08:00,1,52,False
2015-12-19 16:16:00,1,56,False
2015-12-19 16:24:00,1,90,False
2015-12-19 16:32:00,1,97,False
2015-12-19 16:40:00,2,85,False
2015-12-19 16:48:00,2,97,False
2015-12-19 16:56:00,2,100,False
2015-12-19 17:04:00,1,74,False
2015-12-19 17:12:00,1,61,False
2015-12-19 17:20:00,1,55,False
2015-12-19 17:28:00,1,50,False
2015-12-19 17:36:00,1,45,False
2015-12-19 17:44:00,1,41,False
2015-12-19 17:52:00,1,37,False
2015-12-19 18:00:00,0,37,False
2015-12-19 18:08:00,1,37,False
2015-12-19 18:16:00,0,34,False
2015-12-19 18:24:00,1,37,False
2015-12-19 18:32:00,1,33,False
2015-12-19 18:40:00,1,32,False
2015-12-19 18:48:00,1,31,False
2015-12-19 18:56:00,1,31,False
2015-12-26 13:04:00,0,19,False
2015-12-26 13:12:00,0,24,False
2015-12-26 13:20:00,0,23,False
2015-12-26 13:28:00,0,25,False
2015-12-26 13:36:00,0,22,False
2015-12-26 13:44:00,0,23,False
2015-12-26 13:52:00,0,27,False
2015-12-26 14:00:00,1,29,False
2015-12-26 14:08:00,1,28,False
2015-12-26 14:16:00,0,29,False
2015-12-26 14:24:00,1,30,False
2015-12-26 14:32:00,1,38,False
2015-12-26 14:40:00,1,52,False
2015-12-26 14:48:00,1,66,False
2015-12-26 14:56:00,1,92,False
2015-12-26 15:04:00,1,100,False
2015-12-26 15:12:00,1,91,False
2015-12-26 15:20:00,1,90,False
2015-12-26 15:28:00,1,83,False
2015-12-26 15:36:00,1,78,False
2015-12-26 15:44:00,1,74,False
2015-12-26 15:52:00,1,65,False
2015-12-26 16:00:00,1,76,False
2015-12-26 16:08:00,1,88,False
2015-12-26 16:16:00,1,89,False
2015-12-26 16:24:00,1,95,False
2015-12-26 16:32:00,2,88,False
2015-12-26 16:40:00,1,81,False
2015-12-26 16:48:00,1,87,False
2015-12-26 16:56:00,1,73,False
2015-12-26 17:04:00,1,58,False
2015-12-26 17:12:00,1,49,False
2015-12-26 17:20:00,1,43,False
2015-12-26 17:28:00,0,38,False
2015-12-26 17:36:00,1,36,False
2015-12-26 17:44:00,1,33,False
2015-12-26 17:52:00,1,34,False
2015-12-26 18:00:00,0,30,False
2015-12-26 18:08:00,0,28,False
2015-12-26 18:16:00,1,26,False
2015-12-26 18:24:00,0,26,False
2015-12-26 18:32:00,1,24,False
2015-12-26 18:40:00,0,24,False
2015-12-26 18:48:00,0,23,False
2015-12-26 18:56:00,1,23,False
2015-12-29 17:04:00,0,14,False
2015-12-29 17:12:00,0,15,False
2015-12-29 17:20:00,0,17,False
2015-12-29 17:28:00,0,18,False
2015-12-29 17:36:00,0,18,False
2015-12-29 17:44:00,0,17,False
2015-12-29 17:52:00,0,18,False
2015-12-29 18:00:00,0,18,False
2015-12-29 18:08:00,0,19,False
2015-12-29 18:16:00,0,21,False
2015-12-29 18:24:00,0,21,False
2015-12-29 18:32:00,0,23,False
2015-12-29 18:40:00,0,25,False
2015-12-29 18:48:00,0,28,False
2015-12-29 18:56:00,0,31,False
2015-12-29 19:04:00,0,31,False
2015-12-29 19:12:00,0,35,False
2015-12-29 19:20:00,0,40,False
2015-12-29 19:28:00,0,55,False
2015-12-29 19:36:00,0,70,False
2015-12-29 19:44:00,0,100,False
2015-12-29 19:52:00,1,93,False
2015-12-29 20:00:00,0,86,False
2015-12-29 20:08:00,1,81,False
2015-12-29 20:16:00,1,75,False
2015-12-29 20:24:00,1,76,False
2015-12-29 20:32:00,0,71,False
2015-12-29 20:40:00,0,70,False
2015-12-29 20:48:00,0,77,False
2015-12-29 20:56:00,1,93,False
2015-12-29 21:04:00,0,80,False
2015-12-29 21:12:00,1,80,False
2015-12-29 21:20:00,1,81,False
2015-12-29 21:28:00,1,76,False
2015-12-29 21:36:00,1,83,False
2015-12-29 21:44:00,0,58,False
2015-12-29 21:52:00,0,47,False
2015-12-29 22:00:00,0,39,False
2015-12-29 22:08:00,0,35,False
2015-12-29 22:16:00,0,30,False
2015-12-29 22:24:00,0,30,False
2015-12-29 22:32:00,0,27,False
2015-12-29 22:40:00,0,27,False
2015-12-29 22:48:00,0,24,False
2015-12-29 22:56:00,0,23,False
2016-01-02 13:04:00,0,13,False
2016-01-02 13:12:00,0,15,False
2016-01-02 13:20:00,0,15,False
2016-01-02 13:28:00,0,14,False
2016-01-02 13:36:00,0,14,False
2016-01-02 13:44:00,0,14,False
2016-01-02 13:52:00,0,15,False
2016-01-02 14:00:00,0,16,False
2016-01-02 14:08:00,0,15,False
2016-01-02 14:16:00,0,16,False
2016-01-02 14:24:00,0,17,False
2016-01-02 14:32:00,0,20,False
2016-01-02 14:40:00,0,26,False
2016-01-02 14:48:00,1,27,False
2016-01-02 14:56:00,1,37,False
2016-01-02 15:04:00,1,44,False
2016-01-02 15:12:00,1,45,False
2016-01-02 15:20:00,1,43,False
2016-01-02 15:28:00,1,43,False
2016-01-02 15:36:00,1,45,False
2016-01-02 15:44:00,1,53,False
2016-01-02 15:52:00,1,45,False
2016-01-02 16:00:00,1,47,False
2016-01-02 16:08:00,1,59,False
2016-01-02 16:16:00,1,64,False
2016-01-02 16:24:00,1,67,False
2016-01-02 16:32:00,1,76,False
2016-01-02 16:40:00,1,71,False
2016-01-02 16:48:00,2,100,False
2016-01-02 16:56:00,1,75,False
2016-01-02 17:04:00,1,55,False
2016-01-02 17:12:00,1,47,False
2016-01-02 17:20:00,1,39,False
2016-01-02 17:28:00,1,37,False
2016-01-02 17:36:00,1,32,False
2016-01-02 17:44:00,1,32,False
2016-01-02 17:52:00,1,30,False
2016-01-02 18:00:00,0,28,False
2016-01-02 18:08:00,1,26,False
2016-01-02 18:16:00,0,26,False
2016-01-02 18:24:00,1,25,False
2016-01-02 18:32:00,1,25,False
2016-01-02 18:40:00,0,26,False
2016-01-02 18:48:00,1,25,False
2016-01-02 18:56:00,0,22,False
2016-01-13 18:00:00,0,6,False
2016-01-13 18:08:00,0,6,False
2016-01-13 18:16:00,0,7,False
2016-01-13 18:24:00,0,6,False
2016-01-13 18:32:00,0,6,False
2016-01-13 18:40:00,0,8,False
2016-01-13 18:48:00,0,8,False
2016-01-13 18:56:00,0,9,False
2016-01-13 19:04:00,0,8,False
2016-01-13 19:12:00,0,9,False
2016-01-13 19:20:00,0,9,False
2016-01-13 19:28:00,0,11,False
2016-01-13 19:36:00,0,12,False
2016-01-13 19:44:00,0,15,False
2016-01-13 19:52:00,0,21,False
2016-01-13 20:00:00,1,26,False
2016-01-13 20:08:00,0,29,False
2016-01-13 20:16:00,1,30,False
2016-01-13 20:24:00,1,27,False
2016-01-13 20:32:00,0,27,False
2016-01-13 20:40:00,1,26,False
2016-01-13 20:48:00,1,29,False
2016-01-13 20:56:00,1,28,False
2016-01-13 21:04:00,1,32,False
2016-01-13 21:12:00,1,37,False
2016-01-13 21:20:00,1,40,False
2016-01-13 21:28:00,1,42,False
2016-01-13 21:36:00,2,65,False
2016-01-13 21:44:00,1,64,False
2016-01-13 21:52:00,2,100,False
2016-01-13 22:00:00,1,56,False
2016-01-13 22:08:00,1,45,False
2016-01-13 22:16:00,1,35,False
2016-01-13 22:24:00,1,32,False
2016-01-13 22:32:00,1,28,False
2016-01-13 22:40:00,1,26,False
2016-01-13 22:48:00,0,22,False
2016-01-13 22:56:00,0,23,False
2016-01-13 23:04:00,0,20,False
2016-01-13 23:12:00,1,24,False
2016-01-13 23:20:00,0,21,False
2016-01-13 23:28:00,0,19,False
2016-01-13 23:36:00,0,17,False
2016-01-13 23:44:00,0,17,False
2016-01-13 23:52:00,0,16,False
2016-01-14 00:00:00,0,17,False
2016-01-16 15:04:00,0,14,False
2016-01-16 15:12:00,0,19,False
2016-01-16 15:20:00,0,19,False
2016-01-16 15:28:00,0,19,False
2016-01-16 15:36:00,0,20,False
2016-01-16 15:44:00,0,24,False
2016-01-16 15:52:00,0,20,False
2016-01-16 16:00:00,0,22,False
2016-01-16 16:08:00,0,22,False
2016-01-16 16:16:00,0,24,False
2016-01-16 16:24:00,0,27,False
2016-01-16 16:32:00,0,25,False
2016-01-16 16:40:00,1,29,False
2016-01-16 16:48:00,0,32,False
2016-01-16 16:56:00,0,43,False
2016-01-16 17:04:00,1,42,False
2016-01-16 17:12:00,1,43,False
2016-01-16 17:20:00,1,48,False
2016-01-16 17:28:00,1,57,False
2016-01-16 17:36:00,1,66,False
2016-01-16 17:44:00,1,72,False
2016-01-16 17:52:00,1,77,False
2016-01-16 18:00:00,2,97,False
2016-01-16 18:08:00,2,84,False
2016-01-16 18:16:00,2,78,False
2016-01-16 18:24:00,2,73,False
2016-01-16 18:32:00,2,80,False
2016-01-16 18:40:00,2,92,False
2016-01-16 18:48:00,2,93,False
2016-01-16 18:56:00,2,98,False
2016-01-16 19:04:00,1,100,False
2016-01-16 19:12:00,2,97,False
2016-01-16 19:20:00,1,98,False
2016-01-16 19:28:00,2,77,False
2016-01-16 19:36:00,1,60,False
2016-01-16 19:44:00,1,57,False
2016-01-16 19:52:00,1,48,False
2016-01-16 20:00:00,1,43,False
2016-01-16 20:08:00,1,37,False
2016-01-16 20:16:00,0,34,False
2016-01-16 20:24:00,1,34,False
2016-01-16 20:32:00,1,32,False
2016-01-16 20:40:00,0,31,False
2016-01-16 20:48:00,0,26,False
2016-01-16 20:56:00,1,25,False
2016-01-23 13:04:00,0,12,False
2016-01-23 13:12:00,0,14,False
2016-01-23 13:20:00,0,13,False
2016-01-23 13:28:00,0,15,False
2016-01-23 13:36:00,0,14,False
2016-01-23 13:44:00,0,14,False
2016-01-23 13:52:00,0,16,False
2016-01-23 14:00:00,0,17,False
2016-01-23 14:08:00,0,17,False
2016-01-23 14:16:00,0,17,False
2016-01-23 14:24:00,0,19,False
2016-01-23 14:32:00,0,19,False
2016-01-23 14:40:00,0,28,False
2016-01-23 14:48:00,0,30,False
2016-01-23 14:56:00,0,41,False
2016-01-23 15:04:00,1,47,False
2016-01-23 15:12:00,1,45,False
2016-01-23 15:20:00,1,48,False
2016-01-23 15:28:00,1,49,False
2016-01-23 15:36:00,1,46,False
2016-01-23 15:44:00,1,71,False
2016-01-23 15:52:00,2,53,False
2016-01-23 16:00:00,2,57,False
2016-01-23 16:08:00,1,64,False
2016-01-23 16:16:00,1,68,False
2016-01-23 16:24:00,2,83,False
2016-01-23 16:32:00,2,73,False
2016-01-23 16:40:00,2,85,False
2016-01-23 16:48:00,3,100,False
2016-01-23 16:56:00,2,84,False
2016-01-23 17:04:00,2,71,False
2016-01-23 17:12:00,2,62,False
2016-01-23 17:20:00,1,52,False
2016-01-23 17:28:00,1,48,False
2016-01-23 17:36:00,1,43,False
2016-01-23 17:44:00,1,42,False
2016-01-23 17:52:00,1,40,False
2016-01-23 18:00:00,1,39,False
2016-01-23 18:08:00,1,37,False
2016-01-23 18:16:00,1,38,False
2016-01-23 18:24:00,1,36,False
2016-01-23 18:32:00,1,34,False
2016-01-23 18:40:00,1,36,False
2016-01-23 18:48:00,1,39,False
2016-01-23 18:56:00,1,35,False
2016-02-02 17:04:00,0,7,False
2016-02-02 17:12:00,0,7,False
2016-02-02 17:20:00,0,8,False
2016-02-02 17:28:00,0,7,False
2016-02-02 17:36:00,0,8,False
2016-02-02 17:44:00,0,8,False
2016-02-02 17:52:00,0,9,False
2016-02-02 18:00:00,0,9,False
2016-02-02 18:08:00,0,9,False
2016-02-02 18:16:00,0,10,False
2016-02-02 18:24:00,0,9,False
2016-02-02 18:32:00,0,11,False
2016-02-02 18:40:00,0,12,False
2016-02-02 18:48:00,0,14,False
2016-02-02 18:56:00,0,13,False
2016-02-02 19:04:00,0,13,False
2016-02-02 19:12:00,0,17,False
2016-02-02 19:20:00,0,19,False
2016-02-02 19:28:00,0,25,False
2016-02-02 19:36:00,0,35,False
2016-02-02 19:44:00,0,50,False
2016-02-02 19:52:00,1,49,False
2016-02-02 20:00:00,0,46,False
2016-02-02 20:08:00,1,51,False
2016-02-02 20:16:00,1,47,False
2016-02-02 20:24:00,0,42,False
2016-02-02 20:32:00,0,39,False
2016-02-02 20:40:00,0,38,False
2016-02-02 20:48:00,1,48,False
2016-02-02 20:56:00,1,74,False
2016-02-02 21:04:00,1,84,False
2016-02-02 21:12:00,2,100,False
2016-02-02 21:20:00,1,87,False
2016-02-02 21:28:00,1,84,False
2016-02-02 21:36:00,2,92,False
2016-02-02 21:44:00,1,71,False
2016-02-02 21:52:00,1,63,False
2016-02-02 22:00:00,1,62,False
2016-02-02 22:08:00,1,53,False
2016-02-02 22:16:00,1,49,False
2016-02-02 22:24:00,1,44,False
2016-02-02 22:32:00,0,40,False
2016-02-02 22:40:00,1,38,False
2016-02-02 22:48:00,0,44,False
2016-02-02 22:56:00,1,49,False
2016-02-06 10:00:00,0,5,False
2016-02-06 10:08:00,0,5,False
2016-02-06 10:16:00,0,6,False
2016-02-06 10:24:00,0,6,False
2016-02-06 10:32:00,0,6,False
2016-02-06 10:40:00,0,7,False
2016-02-06 10:48:00,0,6,False
2016-02-06 10:56:00,0,7,False
2016-02-06 11:04:00,0,7,False
2016-02-06 11:12:00,0,8,False
2016-02-06 11:20:00,0,8,False
2016-02-06 11:28:00,0,9,False
2016-02-06 11:36:00,0,10,False
2016-02-06 11:44:00,0,12,False
2016-02-06 11:52:00,0,13,False
2016-02-06 12:00:00,0,14,False
2016-02-06 12:08:00,0,17,False
2016-02-06 12:16:00,0,18,False
2016-02-06 12:24:00,0,23,False
2016-02-06 12:32:00,0,32,False
2016-02-06 12:40:00,0,48,False
2016-02-06 12:48:00,0,74,False
2016-02-06 12:56:00,0,66,False
2016-02-06 13:04:00,0,58,False
2016-02-06 13:12:00,0,56,False
2016-02-06 13:20:00,0,54,False
2016-02-06 13:28:00,0,51,False
2016-02-06 13:36:00,0,46,False
2016-02-06 13:44:00,0,53,False
2016-02-06 13:52:00,1,86,False
2016-02-06 14:00:00,1,100,False
2016-02-06 14:08:00,1,91,False
2016-02-06 14:16:00,1,80,False
2016-02-06 14:24:00,1,79,False
2016-02-06 14:32:00,1,78,False
2016-02-06 14:40:00,1,76,False
2016-02-06 14:48:00,1,61,False
2016-02-06 14:56:00,0,50,False
2016-02-06 15:04:00,0,43,False
2016-02-06 15:12:00,0,38,False
2016-02-06 15:20:00,0,35,False
2016-02-06 15:28:00,0,32,False
2016-02-06 15:36:00,0,30,False
2016-02-06 15:44:00,0,27,False
2016-02-06 15:52:00,0,27,False
2016-02-06 16:00:00,0,25,False
2016-02-14 10:00:00,0,9,False
2016-02-14 10:08:00,0,9,False
2016-02-14 10:16:00,0,9,False
2016-02-14 10:24:00,0,9,False
2016-02-14 10:32:00,0,10,False
2016-02-14 10:40:00,0,10,False
2016-02-14 10:48:00,0,10,False
2016-02-14 10:56:00,0,13,False
2016-02-14 11:04:00,0,14,False
2016-02-14 11:12:00,0,14,False
2016-02-14 11:20:00,0,18,False
2016-02-14 11:28:00,0,18,False
2016-02-14 11:36:00,0,25,False
2016-02-14 11:44:00,0,31,False
2016-02-14 11:52:00,0,42,False
2016-02-14 12:00:00,0,61,False
2016-02-14 12:08:00,0,59,False
2016-02-14 12:16:00,0,60,False
2016-02-14 12:24:00,1,65,False
2016-02-14 12:32:00,1,61,False
2016-02-14 12:40:00,1,71,False
2016-02-14 12:48:00,1,77,False
2016-02-14 12:56:00,1,69,False
2016-02-14 13:04:00,1,73,False
2016-02-14 13:12:00,1,78,False
2016-02-14 13:20:00,1,80,False
2016-02-14 13:28:00,1,73,False
2016-02-14 13:36:00,1,69,False
2016-02-14 13:44:00,1,68,False
2016-02-14 13:52:00,1,100,False
2016-02-14 14:00:00,1,68,False
2016-02-14 14:08:00,1,51,False
2016-02-14 14:16:00,1,44,False
2016-02-14 14:24:00,1,38,False
2016-02-14 14:32:00,0,34,False
2016-02-14 14:40:00,1,31,False
2016-02-14 14:48:00,0,28,False
2016-02-14 14:56:00,0,26,False
2016-02-14 15:04:00,0,24,False
2016-02-14 15:12:00,0,22,False
2016-02-14 15:20:00,0,21,False
2016-02-14 15:28:00,0,21,False
2016-02-14 15:36:00,0,20,False
2016-02-14 15:44:00,0,20,False
2016-02-14 15:52:00,0,20,False
2016-02-14 16:00:00,0,21,False
2016-02-27 13:04:00,0,8,False
2016-02-27 13:12:00,0,7,False
2016-02-27 13:20:00,0,8,False
2016-02-27 13:28:00,0,8,False
2016-02-27 13:36:00,0,8,False
2016-02-27 13:44:00,0,8,False
2016-02-27 13:52:00,0,8,False
2016-02-27 14:00:00,0,9,False
2016-02-27 14:08:00,0,10,False
2016-02-27 14:16:00,0,9,False
2016-02-27 14:24:00,0,10,False
2016-02-27 14:32:00,0,12,False
2016-02-27 14:40:00,0,14,False
2016-02-27 14:48:00,0,17,False
2016-02-27 14:56:00,0,25,False
2016-02-27 15:04:00,0,28,False
2016-02-27 15:12:00,1,30,False
2016-02-27 15:20:00,0,29,False
2016-02-27 15:28:00,1,32,False
2016-02-27 15:36:00,1,31,False
2016-02-27 15:44:00,1,35,False
2016-02-27 15:52:00,1,31,False
2016-02-27 16:00:00,1,35,False
2016-02-27 16:08:00,1,40,False
2016-02-27 16:16:00,1,44,False
2016-02-27 16:24:00,1,46,False
2016-02-27 16:32:00,1,48,False
2016-02-27 16:40:00,1,61,False
2016-02-27 16:48:00,2,100,False
2016-02-27 16:56:00,2,65,False
2016-02-27 17:04:00,1,47,False
2016-02-27 17:12:00,1,40,False
2016-02-27 17:20:00,1,35,False
2016-02-27 17:28:00,1,30,False
2016-02-27 17:36:00,1,26,False
2016-02-27 17:44:00,1,26,False
2016-02-27 17:52:00,1,22,False
2016-02-27 18:00:00,1,21,False
2016-02-27 18:08:00,0,21,False
2016-02-27 18:16:00,0,20,False
2016-02-27 18:24:00,1,18,False
2016-02-27 18:32:00,0,17,False
2016-02-27 18:40:00,0,17,False
2016-02-27 18:48:00,0,18,False
2016-02-27 18:56:00,0,17,False
2016-03-01 17:04:00,0,9,False
2016-03-01 17:12:00,0,9,False
2016-03-01 17:20:00,0,10,False
2016-03-01 17:28:00,0,9,False
2016-03-01 17:36:00,0,10,False
2016-03-01 17:44:00,0,10,False
2016-03-01 17:52:00,0,10,False
2016-03-01 18:00:00,0,12,False
2016-03-01 18:08:00,0,12,False
2016-03-01 18:16:00,0,12,False
2016-03-01 18:24:00,0,13,False
2016-03-01 18:32:00,0,14,False
2016-03-01 18:40:00,0,15,False
2016-03-01 18:48:00,0,15,False
2016-03-01 18:56:00,0,16,False
2016-03-01 19:04:00,0,17,False
2016-03-01 19:12:00,0,18,False
2016-03-01 19:20:00,0,21,False
2016-03-01 19:28:00,0,28,False
2016-03-01 19:36:00,1,35,False
2016-03-01 19:44:00,1,50,False
2016-03-01 19:52:00,1,57,False
2016-03-01 20:00:00,1,64,False
2016-03-01 20:08:00,2,66,False
2016-03-01 20:16:00,2,74,False
2016-03-01 20:24:00,2,73,False
2016-03-01 20:32:00,3,89,False
2016-03-01 20:40:00,3,73,False
2016-03-01 20:48:00,2,82,False
2016-03-01 20:56:00,3,87,False
2016-03-01 21:04:00,2,89,False
2016-03-01 21:12:00,3,94,False
2016-03-01 21:20:00,2,89,False
2016-03-01 21:28:00,2,93,False
2016-03-01 21:36:00,2,100,False
2016-03-01 21:44:00,2,70,False
2016-03-01 21:52:00,1,57,False
2016-03-01 22:00:00,1,58,False
2016-03-01 22:08:00,1,40,False
2016-03-01 22:16:00,1,39,False
2016-03-01 22:24:00,1,34,False
2016-03-01 22:32:00,0,32,False
2016-03-01 22:40:00,1,29,False
2016-03-01 22:48:00,1,28,False
2016-03-01 22:56:00,1,28,False
2016-03-05 15:04:00,0,13,False
2016-03-05 15:12:00,0,12,False
2016-03-05 15:20:00,0,12,False
2016-03-05 15:28:00,0,13,False
2016-03-05 15:36:00,0,13,False
2016-03-05 15:44:00,0,13,False
2016-03-05 15:52:00,0,13,False
2016-03-05 16:00:00,0,14,False
2016-03-05 16:08:00,0,13,False
2016-03-05 16:16:00,0,14,False
2016-03-05 16:24:00,0,15,False
2016-03-05 16:32:00,0,15,False
2016-03-05 16:40:00,0,15,False
2016-03-05 16:48:00,0,19,False
2016-03-05 16:56:00,0,20,False
2016-03-05 17:04:00,0,20,False
2016-03-05 17:12:00,0,21,False
2016-03-05 17:20:00,0,24,False
2016-03-05 17:28:00,0,28,False
2016-03-05 17:36:00,1,31,False
2016-03-05 17:44:00,1,33,False
2016-03-05 17:52:00,1,35,False
2016-03-05 18:00:00,1,39,False
2016-03-05 18:08:00,1,37,False
2016-03-05 18:16:00,1,40,False
2016-03-05 18:24:00,1,38,False
2016-03-05 18:32:00,1,44,False
2016-03-05 18:40:00,1,60,False
2016-03-05 18:48:00,1,65,False
2016-03-05 18:56:00,1,64,False
2016-03-05 19:04:00,1,60,False
2016-03-05 19:12:00,1,70,False
2016-03-05 19:20:00,2,100,False
2016-03-05 19:28:00,1,66,False
2016-03-05 19:36:00,1,53,False
2016-03-05 19:44:00,1,45,False
2016-03-05 19:52:00,1,40,False
2016-03-05 20:00:00,1,35,False
2016-03-05 20:08:00,1,33,False
2016-03-05 20:16:00,1,30,False
2016-03-05 20:24:00,0,27,False
2016-03-05 20:32:00,0,25,False
2016-03-05 20:40:00,0,24,False
2016-03-05 20:48:00,0,22,False
2016-03-05 20:56:00,0,23,False
2016-03-14 18:00:00,0,8,False
2016-03-14 18:08:00,0,8,False
2016-03-14 18:16:00,0,9,False
2016-03-14 18:24:00,0,10,False
2016-03-14 18:32:00,0,10,False
2016-03-14 18:40:00,0,11,False
2016-03-14 18:48:00,0,12,False
2016-03-14 18:56:00,0,14,False
2016-03-14 19:04:00,0,14,False
2016-03-14 19:12:00,0,15,False
2016-03-14 19:20:00,0,16,False
2016-03-14 19:28:00,0,19,False
2016-03-14 19:36:00,0,20,False
2016-03-14 19:44:00,0,24,False
2016-03-14 19:52:00,0,31,False
2016-03-14 20:00:00,1,43,False
2016-03-14 20:08:00,1,44,False
2016-03-14 20:16:00,1,46,False
2016-03-14 20:24:00,2,67,False
2016-03-14 20:32:00,2,57,False
2016-03-14 20:40:00,1,57,False
2016-03-14 20:48:00,1,48,False
2016-03-14 20:56:00,1,53,False
2016-03-14 21:04:00,2,57,False
2016-03-14 21:12:00,2,60,False
2016-03-14 21:20:00,1,64,False
2016-03-14 21:28:00,2,76,False
2016-03-14 21:36:00,2,70,False
2016-03-14 21:44:00,2,100,False
2016-03-14 21:52:00,2,94,False
2016-03-14 22:00:00,2,70,False
2016-03-14 22:08:00,1,54,False
2016-03-14 22:16:00,1,46,False
2016-03-14 22:24:00,1,41,False
2016-03-14 22:32:00,1,36,False
2016-03-14 22:40:00,1,33,False
2016-03-14 22:48:00,1,35,False
2016-03-14 22:56:00,1,34,False
2016-03-14 23:04:00,1,32,False
2016-03-14 23:12:00,1,30,False
2016-03-14 23:20:00,0,28,False
2016-03-14 23:28:00,0,26,False
2016-03-14 23:36:00,0,24,False
2016-03-14 23:44:00,1,22,False
2016-03-14 23:52:00,0,20,False
2016-03-15 00:00:00,0,22,False
2016-03-19 13:04:00,0,10,False
2016-03-19 13:12:00,0,10,False
2016-03-19 13:20:00,0,12,False
2016-03-19 13:28:00,0,13,False
2016-03-19 13:36:00,0,13,False
2016-03-19 13:44:00,0,12,False
2016-03-19 13:52:00,0,12,False
2016-03-19 14:00:00,0,12,False
2016-03-19 14:08:00,0,13,False
2016-03-19 14:16:00,0,14,False
2016-03-19 14:24:00,0,15,False
2016-03-19 14:32:00,0,22,False
2016-03-19 14:40:00,0,26,False
2016-03-19 14:48:00,0,24,False
2016-03-19 14:56:00,0,34,False
2016-03-19 15:04:00,1,39,False
2016-03-19 15:12:00,1,41,False
2016-03-19 15:20:00,1,43,False
2016-03-19 15:28:00,1,49,False
2016-03-19 15:36:00,2,60,False
2016-03-19 15:44:00,2,52,False
2016-03-19 15:52:00,1,50,False
2016-03-19 16:00:00,1,53,False
2016-03-19 16:08:00,2,54,False
2016-03-19 16:16:00,1,58,False
2016-03-19 16:24:00,2,68,False
2016-03-19 16:32:00,2,63,False
2016-03-19 16:40:00,2,68,False
2016-03-19 16:48:00,2,100,False
2016-03-19 16:56:00,2,84,False
2016-03-19 17:04:00,1,64,False
2016-03-19 17:12:00,1,54,False
2016-03-19 17:20:00,1,49,False
2016-03-19 17:28:00,1,42,False
2016-03-19 17:36:00,1,38,False
2016-03-19 17:44:00,1,37,False
2016-03-19 17:52:00,1,35,False
2016-03-19 18:00:00,1,33,False
2016-03-19 18:08:00,1,30,False
2016-03-19 18:16:00,1,29,False
2016-03-19 18:24:00,1,28,False
2016-03-19 18:32:00,1,29,False
2016-03-19 18:40:00,1,26,False
2016-03-19 18:48:00,1,25,False
2016-03-19 18:56:00,0,25,False
2016-04-03 11:04:00,0,9,False
2016-04-03 11:12:00,0,10,False
2016-04-03 11:20:00,0,12,False
2016-04-03 11:28:00,0,13,False
2016-04-03 11:36:00,0,14,False
2016-04-03 11:44:00,0,13,False
2016-04-03 11:52:00,0,16,False
2016-04-03 12:00:00,0,18,False
2016-04-03 12:08:00,0,20,False
2016-04-03 12:16:00,0,24,False
2016-04-03 12:24:00,1,37,False
2016-04-03 12:32:00,1,42,False
2016-04-03 12:40:00,1,39,False
2016-04-03 12:48:00,1,41,False
2016-04-03 12:56:00,1,46,False
2016-04-03 13:04:00,1,61,False
2016-04-03 13:12:00,2,57,False
2016-04-03 13:20:00,1,45,False
2016-04-03 13:28:00,1,44,False
2016-04-03 13:36:00,1,48,False
2016-04-03 13:44:00,1,50,False
2016-04-03 13:52:00,1,57,False
2016-04-03 14:00:00,1,55,False
2016-04-03 14:08:00,1,68,False
2016-04-03 14:16:00,1,74,False
2016-04-03 14:24:00,2,100,False
2016-04-03 14:32:00,1,60,False
2016-04-03 14:40:00,1,50,False
2016-04-03 14:48:00,1,42,False
2016-04-03 14:56:00,1,36,False
2016-04-03 15:04:00,1,35,False
2016-04-03 15:12:00,1,32,False
2016-04-03 15:20:00,1,31,False
2016-04-03 15:28:00,0,29,False
2016-04-03 15:36:00,0,27,False
2016-04-03 15:44:00,0,27,False
2016-04-03 15:52:00,0,26,False
2016-04-03 16:00:00,1,24,False
2016-04-03 16:08:00,0,23,False
2016-04-03 16:16:00,0,21,False
2016-04-03 16:24:00,0,22,False
2016-04-03 16:32:00,0,20,False
2016-04-03 16:40:00,0,20,False
2016-04-03 16:48:00,0,21,False
2016-04-03 16:56:00,0,20,False
2016-04-10 11:04:00,0,7,False
2016-04-10 11:12:00,0,8,False
2016-04-10 11:20:00,0,9,False
2016-04-10 11:28:00,0,10,False
2016-04-10 11:36:00,0,11,False
2016-04-10 11:44:00,0,11,False
2016-04-10 11:52:00,0,12,False
2016-04-10 12:00:00,0,13,False
2016-04-10 12:08:00,0,15,False
2016-04-10 12:16:00,0,17,False
2016-04-10 12:24:00,0,24,False
2016-04-10 12:32:00,1,29,False
2016-04-10 12:40:00,1,32,False
2016-04-10 12:48:00,1,31,False
2016-04-10 12:56:00,1,32,False
2016-04-10 13:04:00,1,31,False
2016-04-10 13:12:00,1,32,False
2016-04-10 13:20:00,1,31,False
2016-04-10 13:28:00,1,34,False
2016-04-10 13:36:00,1,41,False
2016-04-10 13:44:00,1,44,False
2016-04-10 13:52:00,1,61,False
2016-04-10 14:00:00,2,61,False
2016-04-10 14:08:00,2,60,False
2016-04-10 14:16:00,2,69,False
2016-04-10 14:24:00,2,100,False
2016-04-10 14:32:00,2,64,False
2016-04-10 14:40:00,1,50,False
2016-04-10 14:48:00,1,46,False
2016-04-10 14:56:00,1,41,False
2016-04-10 15:04:00,1,36,False
2016-04-10 15:12:00,1,34,False
2016-04-10 15:20:00,1,32,False
2016-04-10 15:28:00,1,29,False
2016-04-10 15:36:00,1,28,False
2016-04-10 15:44:00,1,27,False
2016-04-10 15:52:00,1,26,False
2016-04-10 16:00:00,0,26,False
2016-04-10 16:08:00,1,25,False
2016-04-10 16:16:00,1,24,False
2016-04-10 16:24:00,0,24,False
2016-04-10 16:32:00,0,21,False
2016-04-10 16:40:00,0,24,False
2016-04-10 16:48:00,0,23,False
2016-04-10 16:56:00,0,29,False
2016-04-17 11:04:00,0,9,False
2016-04-17 11:12:00,0,9,False
2016-04-17 11:20:00,0,10,False
2016-04-17 11:28:00,0,12,False
2016-04-17 11:36:00,0,13,False
2016-04-17 11:44:00,0,14,False
2016-04-17 11:52:00,0,13,False
2016-04-17 12:00:00,0,16,False
2016-04-17 12:08:00,0,18,False
2016-04-17 12:16:00,0,23,False
2016-04-17 12:24:00,1,33,False
2016-04-17 12:32:00,1,42,False
2016-04-17 12:40:00,1,44,False
2016-04-17 12:48:00,2,63,False
2016-04-17 12:56:00,2,56,False
2016-04-17 13:04:00,1,53,False
2016-04-17 13:12:00,1,51,False
2016-04-17 13:20:00,1,47,False
2016-04-17 13:28:00,1,48,False
2016-04-17 13:36:00,1,56,False
2016-04-17 13:44:00,1,73,False
2016-04-17 13:52:00,2,67,False
2016-04-17 14:00:00,2,69,False
2016-04-17 14:08:00,2,90,False
2016-04-17 14:16:00,2,100,False
2016-04-17 14:24:00,2,88,False
2016-04-17 14:32:00,2,63,False
2016-04-17 14:40:00,1,52,False
2016-04-17 14:48:00,1,48,False
2016-04-17 14:56:00,1,41,False
2016-04-17 15:04:00,1,34,False
2016-04-17 15:12:00,1,34,False
2016-04-17 15:20:00,1,30,False
2016-04-17 15:28:00,1,28,False
2016-04-17 15:36:00,1,26,False
2016-04-17 15:44:00,1,26,False
2016-04-17 15:52:00,1,26,False
2016-04-17 16:00:00,1,23,False
2016-04-17 16:08:00,0,22,False
2016-04-17 16:16:00,1,21,False
2016-04-17 16:24:00,1,20,False
2016-04-17 16:32:00,0,20,False
2016-04-17 16:40:00,0,18,False
2016-04-17 16:48:00,0,20,False
2016-04-17 16:56:00,0,18,False
2016-04-24 14:00:00,0,17,False
2016-04-24 14:08:00,0,16,False
2016-04-24 14:16:00,0,17,False
2016-04-24 14:24:00,0,18,False
2016-04-24 14:32:00,0,19,False
2016-04-24 14:40:00,0,20,False
2016-04-24 14:48:00,0,24,False
2016-04-24 14:56:00,0,39,False
2016-04-24 15:04:00,1,42,False
2016-04-24 15:12:00,1,54,False
2016-04-24 15:20:00,1,65,False
2016-04-24 15:28:00,3,76,False
2016-04-24 15:36:00,2,76,False
2016-04-24 15:44:00,3,93,False
2016-04-24 15:52:00,3,80,False
2016-04-24 16:00:00,3,72,False
2016-04-24 16:08:00,2,66,False
2016-04-24 16:16:00,2,71,False
2016-04-24 16:24:00,2,82,False
2016-04-24 16:32:00,3,100,False
2016-04-24 16:40:00,3,88,False
2016-04-24 16:48:00,3,83,False
2016-04-24 16:56:00,3,100,False
2016-04-24 17:04:00,3,95,False
2016-04-24 17:12:00,2,73,False
2016-04-24 17:20:00,2,58,False
2016-04-24 17:28:00,1,50,False
2016-04-24 17:36:00,1,44,False
2016-04-24 17:44:00,1,39,False
2016-04-24 17:52:00,1,38,False
2016-04-24 18:00:00,1,33,False
2016-04-24 18:08:00,1,30,False
2016-04-24 18:16:00,1,28,False
2016-04-24 18:24:00,1,28,False
2016-04-24 18:32:00,1,26,False
2016-04-24 18:40:00,1,26,False
2016-04-24 18:48:00,1,24,False
2016-04-24 18:56:00,1,24,False
2016-04-24 19:04:00,1,22,False
2016-04-24 19:12:00,1,23,False
2016-04-24 19:20:00,1,22,False
2016-04-24 19:28:00,1,23,False
2016-04-24 19:36:00,0,20,False
2016-04-24 19:44:00,1,20,False
2016-04-24 19:52:00,1,19,False
2016-04-24 20:00:00,1,20,False
2016-05-01 12:00:00,0,19,False
2016-05-01 12:08:00,0,21,False
2016-05-01 12:16:00,0,21,False
2016-05-01 12:24:00,0,24,False
2016-05-01 12:32:00,0,27,False
2016-05-01 12:40:00,0,31,False
2016-05-01 12:48:00,0,39,False
2016-05-01 12:56:00,0,55,False
2016-05-01 13:04:00,1,70,False
2016-05-01 13:12:00,1,73,False
2016-05-01 13:20:00,2,81,False
2016-05-01 13:28:00,2,74,False
2016-05-01 13:36:00,2,72,False
2016-05-01 13:44:00,1,73,False
2016-05-01 13:52:00,1,69,False
2016-05-01 14:00:00,1,69,False
2016-05-01 14:08:00,1,81,False
2016-05-01 14:16:00,2,84,False
2016-05-01 14:24:00,2,86,False
2016-05-01 14:32:00,2,84,False
2016-05-01 14:40:00,2,87,False
2016-05-01 14:48:00,2,93,False
2016-05-01 14:56:00,2,100,False
2016-05-01 15:04:00,1,67,False
2016-05-01 15:12:00,1,53,False
2016-05-01 15:20:00,1,46,False
2016-05-01 15:28:00,1,42,False
2016-05-01 15:36:00,1,38,False
2016-05-01 15:44:00,1,35,False
2016-05-01 15:52:00,0,34,False
2016-05-01 16:00:00,0,32,False
2016-05-01 16:08:00,1,30,False
2016-05-01 16:16:00,0,27,False
2016-05-01 16:24:00,0,26,False
2016-05-01 16:32:00,0,25,False
2016-05-01 16:40:00,0,24,False
2016-05-01 16:48:00,0,23,False
2016-05-01 16:56:00,0,23,False
2016-05-01 17:04:00,0,21,False
2016-05-01 17:12:00,0,20,False
2016-05-01 17:20:00,0,19,False
2016-05-01 17:28:00,0,19,False
2016-05-01 17:36:00,0,17,False
2016-05-01 17:44:00,0,17,False
2016-05-01 17:52:00,0,17,False
2016-05-01 18:00:00,0,15,False
2016-05-07 15:04:00,0,15,False
2016-05-07 15:12:00,0,15,False
2016-05-07 15:20:00,0,16,False
2016-05-07 15:28:00,0,17,False
2016-05-07 15:36:00,0,18,False
2016-05-07 15:44:00,0,19,False
2016-05-07 15:52:00,0,23,False
2016-05-07 16:00:00,0,28,False
2016-05-07 16:08:00,1,30,False
2016-05-07 16:16:00,1,46,False
2016-05-07 16:24:00,1,50,False
2016-05-07 16:32:00,2,63,False
2016-05-07 16:40:00,3,64,False
2016-05-07 16:48:00,3,63,False
2016-05-07 16:56:00,3,61,False
2016-05-07 17:04:00,4,72,False
2016-05-07 17:12:00,3,59,False
2016-05-07 17:20:00,3,51,False
2016-05-07 17:28:00,2,54,False
2016-05-07 17:36:00,2,60,False
2016-05-07 17:44:00,2,58,False
2016-05-07 17:52:00,3,71,False
2016-05-07 18:00:00,3,69,False
2016-05-07 18:08:00,3,72,False
2016-05-07 18:16:00,3,72,False
2016-05-07 18:24:00,3,74,False
2016-05-07 18:32:00,3,84,False
2016-05-07 18:40:00,4,100,False
2016-05-07 18:48:00,3,88,False
2016-05-07 18:56:00,2,62,False
2016-05-07 19:04:00,2,53,False
2016-05-07 19:12:00,1,43,False
2016-05-07 19:20:00,1,42,False
2016-05-07 19:28:00,1,39,False
2016-05-07 19:36:00,1,34,False
2016-05-07 19:44:00,1,33,False
2016-05-07 19:52:00,1,30,False
2016-05-07 20:00:00,1,28,False
2016-05-07 20:08:00,1,28,False
2016-05-07 20:16:00,1,28,False
2016-05-07 20:24:00,1,26,False
2016-05-07 20:32:00,1,25,False
2016-05-07 20:40:00,1,24,False
2016-05-07 20:48:00,1,24,False
2016-05-07 20:56:00,1,25,False
2016-05-15 13:04:00,1,28,False
2016-05-15 13:12:00,1,27,False
2016-05-15 13:20:00,1,29,False
2016-05-15 13:28:00,1,31,False
2016-05-15 13:36:00,1,36,False
2016-05-15 13:44:00,1,45,False
2016-05-15 13:52:00,1,57,False
2016-05-15 14:00:00,2,85,False
2016-05-15 14:08:00,2,79,False
2016-05-15 14:16:00,3,83,False
2016-05-15 14:24:00,3,78,False
2016-05-15 14:32:00,3,73,False
2016-05-15 14:40:00,2,74,False
2016-05-15 14:48:00,2,72,False
2016-05-15 14:56:00,2,73,False
2016-05-15 15:04:00,3,75,False
2016-05-15 15:12:00,3,81,False
2016-05-15 15:20:00,4,83,False
2016-05-15 15:28:00,5,83,False
2016-05-15 15:36:00,5,100,False
2016-05-15 15:44:00,8,99,False
2016-05-15 15:52:00,6,94,False
2016-05-15 16:00:00,5,76,False
2016-05-15 16:08:00,5,68,False
2016-05-15 16:16:00,4,60,False
2016-05-15 16:24:00,4,55,False
2016-05-15 16:32:00,3,47,False
2016-05-15 16:40:00,4,45,False
2016-05-15 16:48:00,4,43,False
2016-05-15 16:56:00,3,43,False
2016-05-15 17:04:00,3,42,False
2016-05-15 17:12:00,2,37,False
2016-05-15 17:20:00,2,36,False
2016-05-15 17:28:00,1,34,False
2016-05-15 17:36:00,2,39,False
2016-05-15 17:44:00,2,33,False
2016-05-15 17:52:00,2,35,False
2016-05-15 18:00:00,2,35,False
2016-05-15 18:08:00,2,34,False
2016-05-15 18:16:00,2,30,False
2016-05-15 18:24:00,2,32,False
2016-05-15 18:32:00,2,29,False
2016-05-15 18:40:00,1,29,False
2016-05-15 18:48:00,2,29,False
2016-05-15 18:56:00,1,29,False
