date,Liverpool Football Club,Liverpool,isPartial
2015-08-09 14:00:00,0,44,False
2015-08-09 14:08:00,0,47,False
2015-08-09 14:16:00,0,45,False
2015-08-09 14:24:00,0,57,False
2015-08-09 14:32:00,0,59,False
2015-08-09 14:40:00,0,66,False
2015-08-09 14:48:00,0,71,False
2015-08-09 14:56:00,0,91,False
2015-08-09 15:04:00,0,94,False
2015-08-09 15:12:00,0,83,False
2015-08-09 15:20:00,0,78,False
2015-08-09 15:28:00,0,75,False
2015-08-09 15:36:00,0,70,False
2015-08-09 15:44:00,0,74,False
2015-08-09 15:52:00,0,68,False
2015-08-09 16:00:00,0,69,False
2015-08-09 16:08:00,0,73,False
2015-08-09 16:16:00,0,76,False
2015-08-09 16:24:00,0,72,False
2015-08-09 16:32:00,0,78,False
2015-08-09 16:40:00,0,85,False
2015-08-09 16:48:00,0,100,False
2015-08-09 16:56:00,0,92,False
2015-08-09 17:04:00,0,73,False
2015-08-09 17:12:00,0,70,False
2015-08-09 17:20:00,0,59,False
2015-08-09 17:28:00,0,54,False
2015-08-09 17:36:00,0,51,False
2015-08-09 17:44:00,0,48,False
2015-08-09 17:52:00,0,46,False
2015-08-09 18:00:00,0,43,False
2015-08-09 18:08:00,0,41,False
2015-08-09 18:16:00,0,41,False
2015-08-09 18:24:00,0,39,False
2015-08-09 18:32:00,0,38,False
2015-08-09 18:40:00,0,38,False
2015-08-09 18:48:00,0,35,False
2015-08-09 18:56:00,0,36,False
2015-08-09 19:04:00,0,34,False
2015-08-09 19:12:00,0,34,False
2015-08-09 19:20:00,0,33,False
2015-08-09 19:28:00,0,33,False
2015-08-09 19:36:00,0,33,False
2015-08-09 19:44:00,0,32,False
2015-08-09 19:52:00,0,31,False
2015-08-09 20:00:00,0,32,False
2015-08-17 18:00:00,0,51,False
2015-08-17 18:08:00,0,48,False
2015-08-17 18:16:00,0,50,False
2015-08-17 18:24:00,0,53,False
2015-08-17 18:32:00,0,55,False
2015-08-17 18:40:00,0,63,False
2015-08-17 18:48:00,0,73,False
2015-08-17 18:56:00,0,96,False
2015-08-17 19:04:00,0,91,False
2015-08-17 19:12:00,0,89,False
2015-08-17 19:20:00,0,86,False
2015-08-17 19:28:00,0,97,False
2015-08-17 19:36:00,0,87,False
2015-08-17 19:44:00,0,89,False
2015-08-17 19:52:00,0,82,False
2015-08-17 20:00:00,0,84,False
2015-08-17 20:08:00,0,87,False
2015-08-17 20:16:00,0,87,False
2015-08-17 20:24:00,0,92,False
2015-08-17 20:32:00,0,93,False
2015-08-17 20:40:00,0,92,False
2015-08-17 20:48:00,0,100,False
2015-08-17 20:56:00,0,99,False
2015-08-17 21:04:00,0,79,False
2015-08-17 21:12:00,0,74,False
2015-08-17 21:20:00,0,66,False
2015-08-17 21:28:00,0,65,False
2015-08-17 21:36:00,0,60,False
2015-08-17 21:44:00,0,56,False
2015-08-17 21:52:00,0,53,False
2015-08-17 22:00:00,0,50,False
2015-08-17 22:08:00,0,46,False
2015-08-17 22:16:00,0,46,False
2015-08-17 22:24:00,0,45,False
2015-08-17 22:32:00,0,44,False
2015-08-17 22:40:00,0,41,False
2015-08-17 22:48:00,0,42,False
2015-08-17 22:56:00,0,41,False
2015-08-17 23:04:00,0,37,False
2015-08-17 23:12:00,0,36,False
2015-08-17 23:20:00,0,34,False
2015-08-17 23:28:00,0,32,False
2015-08-17 23:36:00,0,33,False
2015-08-17 23:44:00,0,31,False
2015-08-17 23:52:00,0,30,False
2015-08-18 00:00:00,0,27,False
2015-08-24 18:00:00,0,42,False
2015-08-24 18:08:00,0,43,False
2015-08-24 18:16:00,0,42,False
2015-08-24 18:24:00,0,47,False
2015-08-24 18:32:00,0,52,False
2015-08-24 18:40:00,0,58,False
2015-08-24 18:48:00,0,69,False
2015-08-24 18:56:00,0,92,False
2015-08-24 19:04:00,0,93,False
2015-08-24 19:12:00,0,84,False
2015-08-24 19:20:00,0,81,False
2015-08-24 19:28:00,0,78,False
2015-08-24 19:36:00,0,77,False
2015-08-24 19:44:00,0,78,False
2015-08-24 19:52:00,0,74,False
2015-08-24 20:00:00,0,80,False
2015-08-24 20:08:00,0,78,False
2015-08-24 20:16:00,0,81,False
2015-08-24 20:24:00,0,85,False
2015-08-24 20:32:00,0,100,False
2015-08-24 20:40:00,0,81,False
2015-08-24 20:48:00,0,100,False
2015-08-24 20:56:00,0,84,False
2015-08-24 21:04:00,0,70,False
2015-08-24 21:12:00,0,61,False
2015-08-24 21:20:00,0,54,False
2015-08-24 21:28:00,0,50,False
2015-08-24 21:36:00,0,45,False
2015-08-24 21:44:00,0,44,False
2015-08-24 21:52:00,0,42,False
2015-08-24 22:00:00,0,40,False
2015-08-24 22:08:00,0,39,False
2015-08-24 22:16:00,0,37,False
2015-08-24 22:24:00,0,35,False
2015-08-24 22:32:00,0,36,False
2015-08-24 22:40:00,0,33,False
2015-08-24 22:48:00,0,32,False
2015-08-24 22:56:00,0,32,False
2015-08-24 23:04:00,0,30,False
2015-08-24 23:12:00,0,28,False
2015-08-24 23:20:00,0,28,False
2015-08-24 23:28:00,0,27,False
2015-08-24 23:36:00,0,26,False
2015-08-24 23:44:00,0,25,False
2015-08-24 23:52:00,0,24,False
2015-08-25 00:00:00,0,23,False
2015-08-29 13:04:00,0,40,False
2015-08-29 13:12:00,0,41,False
2015-08-29 13:20:00,0,40,False
2015-08-29 13:28:00,0,45,False
2015-08-29 13:36:00,0,57,False
2015-08-29 13:44:00,0,64,False
2015-08-29 13:52:00,0,80,False
2015-08-29 14:00:00,0,100,False
2015-08-29 14:08:00,0,89,False
2015-08-29 14:16:00,0,80,False
2015-08-29 14:24:00,0,80,False
2015-08-29 14:32:00,0,78,False
2015-08-29 14:40:00,0,75,False
2015-08-29 14:48:00,0,74,False
2015-08-29 14:56:00,0,70,False
2015-08-29 15:04:00,0,76,False
2015-08-29 15:12:00,0,82,False
2015-08-29 15:20:00,0,73,False
2015-08-29 15:28:00,0,70,False
2015-08-29 15:36:00,0,69,False
2015-08-29 15:44:00,0,67,False
2015-08-29 15:52:00,0,86,False
2015-08-29 16:00:00,0,77,False
2015-08-29 16:08:00,0,66,False
2015-08-29 16:16:00,0,57,False
2015-08-29 16:24:00,0,53,False
2015-08-29 16:32:00,0,51,False
2015-08-29 16:40:00,0,47,False
2015-08-29 16:48:00,0,46,False
2015-08-29 16:56:00,0,45,False
2015-08-29 17:04:00,0,44,False
2015-08-29 17:12:00,0,42,False
2015-08-29 17:20:00,0,42,False
2015-08-29 17:28:00,0,38,False
2015-08-29 17:36:00,0,39,False
2015-08-29 17:44:00,0,37,False
2015-08-29 17:52:00,0,38,False
2015-08-29 18:00:00,0,36,False
2015-08-29 18:08:00,0,37,False
2015-08-29 18:16:00,0,35,False
2015-08-29 18:24:00,0,36,False
2015-08-29 18:32:00,0,35,False
2015-08-29 18:40:00,0,34,False
2015-08-29 18:48:00,0,32,False
2015-08-29 18:56:00,0,34,False
2015-09-12 15:04:00,0,27,False
2015-09-12 15:12:00,0,29,False
2015-09-12 15:20:00,0,31,False
2015-09-12 15:28:00,0,35,False
2015-09-12 15:36:00,0,36,False
2015-09-12 15:44:00,0,39,False
2015-09-12 15:52:00,0,46,False
2015-09-12 16:00:00,0,52,False
2015-09-12 16:08:00,0,55,False
2015-09-12 16:16:00,0,66,False
2015-09-12 16:24:00,0,84,False
2015-09-12 16:32:00,0,100,False
2015-09-12 16:40:00,0,93,False
2015-09-12 16:48:00,0,87,False
2015-09-12 16:56:00,0,83,False
2015-09-12 17:04:00,0,77,False
2015-09-12 17:12:00,0,74,False
2015-09-12 17:20:00,0,67,False
2015-09-12 17:28:00,0,68,False
2015-09-12 17:36:00,0,80,False
2015-09-12 17:44:00,0,75,False
2015-09-12 17:52:00,0,75,False
2015-09-12 18:00:00,0,78,False
2015-09-12 18:08:00,0,78,False
2015-09-12 18:16:00,0,85,False
2015-09-12 18:24:00,0,82,False
2015-09-12 18:32:00,0,65,False
2015-09-12 18:40:00,0,57,False
2015-09-12 18:48:00,0,49,False
2015-09-12 18:56:00,0,45,False
2015-09-12 19:04:00,0,40,False
2015-09-12 19:12:00,0,40,False
2015-09-12 19:20:00,0,36,False
2015-09-12 19:28:00,0,34,False
2015-09-12 19:36:00,0,32,False
2015-09-12 19:44:00,0,33,False
2015-09-12 19:52:00,0,31,False
2015-09-12 20:00:00,0,31,False
2015-09-12 20:08:00,0,28,False
2015-09-12 20:16:00,0,28,False
2015-09-12 20:24:00,0,28,False
2015-09-12 20:32:00,0,28,False
2015-09-12 20:40:00,0,26,False
2015-09-12 20:48:00,0,27,False
2015-09-12 20:56:00,0,25,False
2015-09-20 14:00:00,0,42,False
2015-09-20 14:08:00,0,44,False
2015-09-20 14:16:00,0,44,False
2015-09-20 14:24:00,0,49,False
2015-09-20 14:32:00,0,53,False
2015-09-20 14:40:00,0,61,False
2015-09-20 14:48:00,0,73,False
2015-09-20 14:56:00,0,100,False
2015-09-20 15:04:00,0,97,False
2015-09-20 15:12:00,0,82,False
2015-09-20 15:20:00,0,77,False
2015-09-20 15:28:00,0,72,False
2015-09-20 15:36:00,0,68,False
2015-09-20 15:44:00,0,67,False
2015-09-20 15:52:00,0,61,False
2015-09-20 16:00:00,0,67,False
2015-09-20 16:08:00,0,77,False
2015-09-20 16:16:00,0,71,False
2015-09-20 16:24:00,0,71,False
2015-09-20 16:32:00,0,72,False
2015-09-20 16:40:00,0,67,False
2015-09-20 16:48:00,0,75,False
2015-09-20 16:56:00,0,68,False
2015-09-20 17:04:00,0,55,False
2015-09-20 17:12:00,0,49,False
2015-09-20 17:20:00,0,46,False
2015-09-20 17:28:00,0,42,False
2015-09-20 17:36:00,0,40,False
2015-09-20 17:44:00,0,37,False
2015-09-20 17:52:00,0,36,False
2015-09-20 18:00:00,0,33,False
2015-09-20 18:08:00,0,32,False
2015-09-20 18:16:00,0,34,False
2015-09-20 18:24:00,0,32,False
2015-09-20 18:32:00,0,31,False
2015-09-20 18:40:00,0,29,False
2015-09-20 18:48:00,0,30,False
2015-09-20 18:56:00,0,30,False
2015-09-20 19:04:00,0,31,False
2015-09-20 19:12:00,0,29,False
2015-09-20 19:20:00,0,30,False
2015-09-20 19:28:00,0,32,False
2015-09-20 19:36:00,0,27,False
2015-09-20 19:44:00,0,29,False
2015-09-20 19:52:00,0,29,False
2015-09-20 20:00:00,0,29,False
2015-09-26 13:04:00,0,39,False
2015-09-26 13:12:00,0,40,False
2015-09-26 13:20:00,0,40,False
2015-09-26 13:28:00,0,44,False
2015-09-26 13:36:00,0,52,False
2015-09-26 13:44:00,0,60,False
2015-09-26 13:52:00,0,75,False
2015-09-26 14:00:00,0,100,False
2015-09-26 14:08:00,0,85,False
2015-09-26 14:16:00,0,73,False
2015-09-26 14:24:00,0,70,False
2015-09-26 14:32:00,0,67,False
2015-09-26 14:40:00,0,64,False
2015-09-26 14:48:00,0,62,False
2015-09-26 14:56:00,0,61,False
2015-09-26 15:04:00,0,63,False
2015-09-26 15:12:00,0,72,False
2015-09-26 15:20:00,0,71,False
2015-09-26 15:28:00,0,76,False
2015-09-26 15:36:00,0,67,False
2015-09-26 15:44:00,0,65,False
2015-09-26 15:52:00,0,78,False
2015-09-26 16:00:00,0,65,False
2015-09-26 16:08:00,0,58,False
2015-09-26 16:16:00,0,53,False
2015-09-26 16:24:00,0,50,False
2015-09-26 16:32:00,0,47,False
2015-09-26 16:40:00,0,45,False
2015-09-26 16:48:00,0,44,False
2015-09-26 16:56:00,0,42,False
2015-09-26 17:04:00,0,42,False
2015-09-26 17:12:00,0,41,False
2015-09-26 17:20:00,0,40,False
2015-09-26 17:28:00,0,38,False
2015-09-26 17:36:00,0,39,False
2015-09-26 17:44:00,0,38,False
2015-09-26 17:52:00,0,36,False
2015-09-26 18:00:00,0,36,False
2015-09-26 18:08:00,0,35,False
2015-09-26 18:16:00,0,35,False
2015-09-26 18:24:00,0,38,False
2015-09-26 18:32:00,0,37,False
2015-09-26 18:40:00,0,38,False
2015-09-26 18:48:00,0,38,False
2015-09-26 18:56:00,0,34,False
2015-10-04 11:04:00,0,42,False
2015-10-04 11:12:00,0,45,False
2015-10-04 11:20:00,0,49,False
2015-10-04 11:28:00,0,57,False
2015-10-04 11:36:00,0,56,False
2015-10-04 11:44:00,0,55,False
2015-10-04 11:52:00,0,57,False
2015-10-04 12:00:00,0,63,False
2015-10-04 12:08:00,0,65,False
2015-10-04 12:16:00,0,75,False
2015-10-04 12:24:00,0,94,False
2015-10-04 12:32:00,0,98,False
2015-10-04 12:40:00,0,91,False
2015-10-04 12:48:00,0,91,False
2015-10-04 12:56:00,0,86,False
2015-10-04 13:04:00,0,84,False
2015-10-04 13:12:00,0,95,False
2015-10-04 13:20:00,0,89,False
2015-10-04 13:28:00,0,81,False
2015-10-04 13:36:00,0,86,False
2015-10-04 13:44:00,0,87,False
2015-10-04 13:52:00,0,86,False
2015-10-04 14:00:00,0,88,False
2015-10-04 14:08:00,0,85,False
2015-10-04 14:16:00,0,80,False
2015-10-04 14:24:00,0,100,False
2015-10-04 14:32:00,0,75,False
2015-10-04 14:40:00,0,66,False
2015-10-04 14:48:00,0,58,False
2015-10-04 14:56:00,0,53,False
2015-10-04 15:04:00,0,49,False
2015-10-04 15:12:00,0,47,False
2015-10-04 15:20:00,0,46,False
2015-10-04 15:28:00,0,44,False
2015-10-04 15:36:00,0,42,False
2015-10-04 15:44:00,0,43,False
2015-10-04 15:52:00,0,40,False
2015-10-04 16:00:00,0,38,False
2015-10-04 16:08:00,0,34,False
2015-10-04 16:16:00,0,36,False
2015-10-04 16:24:00,0,34,False
2015-10-04 16:32:00,0,34,False
2015-10-04 16:40:00,0,34,False
2015-10-04 16:48:00,0,37,False
2015-10-04 16:56:00,0,35,False
2015-10-17 10:00:00,0,31,False
2015-10-17 10:08:00,0,30,False
2015-10-17 10:16:00,0,33,False
2015-10-17 10:24:00,0,36,False
2015-10-17 10:32:00,0,40,False
2015-10-17 10:40:00,0,42,False
2015-10-17 10:48:00,0,47,False
2015-10-17 10:56:00,0,48,False
2015-10-17 11:04:00,0,50,False
2015-10-17 11:12:00,0,52,False
2015-10-17 11:20:00,0,57,False
2015-10-17 11:28:00,0,68,False
2015-10-17 11:36:00,0,81,False
2015-10-17 11:44:00,0,100,False
2015-10-17 11:52:00,0,92,False
2015-10-17 12:00:00,0,87,False
2015-10-17 12:08:00,0,79,False
2015-10-17 12:16:00,0,74,False
2015-10-17 12:24:00,0,72,False
2015-10-17 12:32:00,0,75,False
2015-10-17 12:40:00,0,70,False
2015-10-17 12:48:00,0,71,False
2015-10-17 12:56:00,0,76,False
2015-10-17 13:04:00,0,72,False
2015-10-17 13:12:00,0,73,False
2015-10-17 13:20:00,0,71,False
2015-10-17 13:28:00,0,68,False
2015-10-17 13:36:00,0,80,False
2015-10-17 13:44:00,0,64,False
2015-10-17 13:52:00,0,54,False
2015-10-17 14:00:00,0,49,False
2015-10-17 14:08:00,0,44,False
2015-10-17 14:16:00,0,42,False
2015-10-17 14:24:00,0,40,False
2015-10-17 14:32:00,0,38,False
2015-10-17 14:40:00,0,35,False
2015-10-17 14:48:00,0,36,False
2015-10-17 14:56:00,0,33,False
2015-10-17 15:04:00,0,30,False
2015-10-17 15:12:00,0,30,False
2015-10-17 15:20:00,0,31,False
2015-10-17 15:28:00,0,31,False
2015-10-17 15:36:00,0,29,False
2015-10-17 15:44:00,0,28,False
2015-10-17 15:52:00,0,30,False
2015-10-17 16:00:00,0,28,False
2015-10-25 14:00:00,0,34,False
2015-10-25 14:08:00,0,35,False
2015-10-25 14:16:00,0,35,False
2015-10-25 14:24:00,0,35,False
2015-10-25 14:32:00,0,36,False
2015-10-25 14:40:00,0,37,False
2015-10-25 14:48:00,0,44,False
2015-10-25 14:56:00,0,43,False
2015-10-25 15:04:00,0,44,False
2015-10-25 15:12:00,0,43,False
2015-10-25 15:20:00,0,46,False
2015-10-25 15:28:00,0,46,False
2015-10-25 15:36:00,0,46,False
2015-10-25 15:44:00,0,50,False
2015-10-25 15:52:00,0,72,False
2015-10-25 16:00:00,0,86,False
2015-10-25 16:08:00,0,94,False
2015-10-25 16:16:00,0,92,False
2015-10-25 16:24:00,0,83,False
2015-10-25 16:32:00,0,83,False
2015-10-25 16:40:00,0,80,False
2015-10-25 16:48:00,0,77,False
2015-10-25 16:56:00,0,79,False
2015-10-25 17:04:00,0,76,False
2015-10-25 17:12:00,0,76,False
2015-10-25 17:20:00,0,86,False
2015-10-25 17:28:00,0,92,False
2015-10-25 17:36:00,0,91,False
2015-10-25 17:44:00,0,100,False
2015-10-25 17:52:00,0,100,False
2015-10-25 18:00:00,0,97,False
2015-10-25 18:08:00,0,99,False
2015-10-25 18:16:00,0,77,False
2015-10-25 18:24:00,0,69,False
2015-10-25 18:32:00,0,61,False
2015-10-25 18:40:00,0,58,False
2015-10-25 18:48:00,0,54,False
2015-10-25 18:56:00,0,52,False
2015-10-25 19:04:00,0,49,False
2015-10-25 19:12:00,0,47,False
2015-10-25 19:20:00,0,47,False
2015-10-25 19:28:00,0,43,False
2015-10-25 19:36:00,0,43,False
2015-10-25 19:44:00,0,45,False
2015-10-25 19:52:00,0,42,False
2015-10-25 20:00:00,0,40,False
2015-10-31 10:00:00,0,19,False
2015-10-31 10:08:00,0,20,False
2015-10-31 10:16:00,0,20,False
2015-10-31 10:24:00,0,21,False
2015-10-31 10:32:00,0,22,False
2015-10-31 10:40:00,0,22,False
2015-10-31 10:48:00,0,23,False
2015-10-31 10:56:00,0,25,False
2015-10-31 11:04:00,0,25,False
2015-10-31 11:12:00,0,28,False
2015-10-31 11:20:00,0,30,False
2015-10-31 11:28:00,0,31,False
2015-10-31 11:36:00,0,35,False
2015-10-31 11:44:00,0,39,False
2015-10-31 11:52:00,0,39,False
2015-10-31 12:00:00,0,41,False
2015-10-31 12:08:00,0,41,False
2015-10-31 12:16:00,0,43,False
2015-10-31 12:24:00,0,49,False
2015-10-31 12:32:00,0,59,False
2015-10-31 12:40:00,0,76,False
2015-10-31 12:48:00,0,89,False
2015-10-31 12:56:00,0,78,False
2015-10-31 13:04:00,0,69,False
2015-10-31 13:12:00,0,64,False
2015-10-31 13:20:00,0,65,False
2015-10-31 13:28:00,0,66,False
2015-10-31 13:36:00,0,69,False
2015-10-31 13:44:00,0,67,False
2015-10-31 13:52:00,0,69,False
2015-10-31 14:00:00,0,71,False
2015-10-31 14:08:00,0,69,False
2015-10-31 14:16:00,0,85,False
2015-10-31 14:24:00,0,98,False
2015-10-31 14:32:00,0,90,False
2015-10-31 14:40:00,0,100,False
2015-10-31 14:48:00,0,80,False
2015-10-31 14:56:00,0,69,False
2015-10-31 15:04:00,0,60,False
2015-10-31 15:12:00,0,53,False
2015-10-31 15:20:00,0,50,False
2015-10-31 15:28:00,0,48,False
2015-10-31 15:36:00,0,44,False
2015-10-31 15:44:00,0,44,False
2015-10-31 15:52:00,0,40,False
2015-10-31 16:00:00,0,36,False
2015-11-08 14:00:00,0,32,False
2015-11-08 14:08:00,0,32,False
2015-11-08 14:16:00,0,34,False
2015-11-08 14:24:00,0,34,False
2015-11-08 14:32:00,0,35,False
2015-11-08 14:40:00,0,34,False
2015-11-08 14:48:00,0,35,False
2015-11-08 14:56:00,0,38,False
2015-11-08 15:04:00,0,41,False
2015-11-08 15:12:00,0,40,False
2015-11-08 15:20:00,0,50,False
2015-11-08 15:28:00,0,51,False
2015-11-08 15:36:00,0,56,False
2015-11-08 15:44:00,0,67,False
2015-11-08 15:52:00,0,84,False
2015-11-08 16:00:00,0,100,False
2015-11-08 16:08:00,0,86,False
2015-11-08 16:16:00,0,81,False
2015-11-08 16:24:00,0,76,False
2015-11-08 16:32:00,0,71,False
2015-11-08 16:40:00,0,72,False
2015-11-08 16:48:00,0,71,False
2015-11-08 16:56:00,0,68,False
2015-11-08 17:04:00,0,72,False
2015-11-08 17:12:00,0,73,False
2015-11-08 17:20:00,0,70,False
2015-11-08 17:28:00,0,75,False
2015-11-08 17:36:00,0,75,False
2015-11-08 17:44:00,0,70,False
2015-11-08 17:52:00,0,79,False
2015-11-08 18:00:00,0,60,False
2015-11-08 18:08:00,0,51,False
2015-11-08 18:16:00,0,45,False
2015-11-08 18:24:00,0,42,False
2015-11-08 18:32:00,0,38,False
2015-11-08 18:40:00,0,36,False
2015-11-08 18:48:00,0,33,False
2015-11-08 18:56:00,0,33,False
2015-11-08 19:04:00,0,32,False
2015-11-08 19:12:00,0,33,False
2015-11-08 19:20:00,0,31,False
2015-11-08 19:28:00,0,30,False
2015-11-08 19:36:00,0,29,False
2015-11-08 19:44:00,0,30,False
2015-11-08 19:52:00,0,29,False
2015-11-08 20:00:00,0,30,False
2015-11-21 15:04:00,0,20,False
2015-11-21 15:12:00,0,20,False
2015-11-21 15:20:00,0,20,False
2015-11-21 15:28:00,0,20,False
2015-11-21 15:36:00,0,21,False
2015-11-21 15:44:00,0,22,False
2015-11-21 15:52:00,0,22,False
2015-11-21 16:00:00,0,23,False
2015-11-21 16:08:00,0,23,False
2015-11-21 16:16:00,0,24,False
2015-11-21 16:24:00,0,26,False
2015-11-21 16:32:00,0,28,False
2015-11-21 16:40:00,0,29,False
2015-11-21 16:48:00,0,30,False
2015-11-21 16:56:00,0,36,False
2015-11-21 17:04:00,0,34,False
2015-11-21 17:12:00,0,36,False
2015-11-21 17:20:00,0,44,False
2015-11-21 17:28:00,0,56,False
2015-11-21 17:36:00,0,64,False
2015-11-21 17:44:00,0,61,False
2015-11-21 17:52:00,0,74,False
2015-11-21 18:00:00,0,95,False
2015-11-21 18:08:00,0,94,False
2015-11-21 18:16:00,0,75,False
2015-11-21 18:24:00,0,66,False
2015-11-21 18:32:00,0,70,False
2015-11-21 18:40:00,0,76,False
2015-11-21 18:48:00,0,78,False
2015-11-21 18:56:00,0,79,False
2015-11-21 19:04:00,0,100,False
2015-11-21 19:12:00,0,96,False
2015-11-21 19:20:00,0,98,False
2015-11-21 19:28:00,0,82,False
2015-11-21 19:36:00,0,69,False
2015-11-21 19:44:00,0,62,False
2015-11-21 19:52:00,0,55,False
2015-11-21 20:00:00,0,51,False
2015-11-21 20:08:00,0,49,False
2015-11-21 20:16:00,0,48,False
2015-11-21 20:24:00,0,43,False
2015-11-21 20:32:00,0,43,False
2015-11-21 20:40:00,0,42,False
2015-11-21 20:48:00,0,41,False
2015-11-21 20:56:00,0,39,False
2015-11-29 14:00:00,0,34,False
2015-11-29 14:08:00,0,34,False
2015-11-29 14:16:00,0,34,False
2015-11-29 14:24:00,0,34,False
2015-11-29 14:32:00,0,34,False
2015-11-29 14:40:00,0,35,False
2015-11-29 14:48:00,0,37,False
2015-11-29 14:56:00,0,38,False
2015-11-29 15:04:00,0,39,False
2015-11-29 15:12:00,0,43,False
2015-11-29 15:20:00,0,44,False
2015-11-29 15:28:00,0,45,False
2015-11-29 15:36:00,0,46,False
2015-11-29 15:44:00,0,52,False
2015-11-29 15:52:00,0,61,False
2015-11-29 16:00:00,0,79,False
2015-11-29 16:08:00,0,97,False
2015-11-29 16:16:00,0,100,False
2015-11-29 16:24:00,0,85,False
2015-11-29 16:32:00,0,79,False
2015-11-29 16:40:00,0,74,False
2015-11-29 16:48:00,0,71,False
2015-11-29 16:56:00,0,66,False
2015-11-29 17:04:00,0,67,False
2015-11-29 17:12:00,0,67,False
2015-11-29 17:20:00,0,71,False
2015-11-29 17:28:00,0,71,False
2015-11-29 17:36:00,0,74,False
2015-11-29 17:44:00,0,70,False
2015-11-29 17:52:00,0,69,False
2015-11-29 18:00:00,0,72,False
2015-11-29 18:08:00,0,91,False
2015-11-29 18:16:00,0,65,False
2015-11-29 18:24:00,0,55,False
2015-11-29 18:32:00,0,51,False
2015-11-29 18:40:00,0,48,False
2015-11-29 18:48:00,0,44,False
2015-11-29 18:56:00,0,41,False
2015-11-29 19:04:00,0,39,False
2015-11-29 19:12:00,0,38,False
2015-11-29 19:20:00,0,37,False
2015-11-29 19:28:00,0,36,False
2015-11-29 19:36:00,0,36,False
2015-11-29 19:44:00,0,35,False
2015-11-29 19:52:00,0,34,False
2015-11-29 20:00:00,0,34,False
2015-12-06 14:00:00,0,37,False
2015-12-06 14:08:00,0,36,False
2015-12-06 14:16:00,0,38,False
2015-12-06 14:24:00,0,38,False
2015-12-06 14:32:00,0,40,False
2015-12-06 14:40:00,0,40,False
2015-12-06 14:48:00,0,44,False
2015-12-06 14:56:00,0,48,False
2015-12-06 15:04:00,0,49,False
2015-12-06 15:12:00,0,50,False
2015-12-06 15:20:00,0,50,False
2015-12-06 15:28:00,0,53,False
2015-12-06 15:36:00,0,55,False
2015-12-06 15:44:00,0,62,False
2015-12-06 15:52:00,0,76,False
2015-12-06 16:00:00,0,84,False
2015-12-06 16:08:00,0,81,False
2015-12-06 16:16:00,0,75,False
2015-12-06 16:24:00,0,72,False
2015-12-06 16:32:00,0,73,False
2015-12-06 16:40:00,0,70,False
2015-12-06 16:48:00,0,73,False
2015-12-06 16:56:00,0,70,False
2015-12-06 17:04:00,0,73,False
2015-12-06 17:12:00,0,75,False
2015-12-06 17:20:00,0,78,False
2015-12-06 17:28:00,0,85,False
2015-12-06 17:36:00,0,81,False
2015-12-06 17:44:00,0,86,False
2015-12-06 17:52:00,0,100,False
2015-12-06 18:00:00,0,77,False
2015-12-06 18:08:00,0,64,False
2015-12-06 18:16:00,0,55,False
2015-12-06 18:24:00,0,51,False
2015-12-06 18:32:00,0,48,False
2015-12-06 18:40:00,0,45,False
2015-12-06 18:48:00,0,44,False
2015-12-06 18:56:00,0,42,False
2015-12-06 19:04:00,0,39,False
2015-12-06 19:12:00,0,38,False
2015-12-06 19:20:00,0,38,False
2015-12-06 19:28:00,0,37,False
2015-12-06 19:36:00,0,35,False
2015-12-06 19:44:00,0,33,False
2015-12-06 19:52:00,0,32,False
2015-12-06 20:00:00,0,34,False
2015-12-13 14:00:00,0,31,False
2015-12-13 14:08:00,0,31,False
2015-12-13 14:16:00,0,32,False
2015-12-13 14:24:00,0,34,False
2015-12-13 14:32:00,0,35,False
2015-12-13 14:40:00,0,35,False
2015-12-13 14:48:00,0,37,False
2015-12-13 14:56:00,0,39,False
2015-12-13 15:04:00,0,42,False
2015-12-13 15:12:00,0,44,False
2015-12-13 15:20:00,0,48,False
2015-12-13 15:28:00,0,50,False
2015-12-13 15:36:00,0,55,False
2015-12-13 15:44:00,0,64,False
2015-12-13 15:52:00,0,83,False
2015-12-13 16:00:00,0,100,False
2015-12-13 16:08:00,0,87,False
2015-12-13 16:16:00,0,83,False
2015-12-13 16:24:00,0,80,False
2015-12-13 16:32:00,0,75,False
2015-12-13 16:40:00,0,71,False
2015-12-13 16:48:00,0,74,False
2015-12-13 16:56:00,0,69,False
2015-12-13 17:04:00,0,74,False
2015-12-13 17:12:00,0,80,False
2015-12-13 17:20:00,0,79,False
2015-12-13 17:28:00,0,84,False
2015-12-13 17:36:00,0,80,False
2015-12-13 17:44:00,0,80,False
2015-12-13 17:52:00,0,96,False
2015-12-13 18:00:00,0,79,False
2015-12-13 18:08:00,0,67,False
2015-12-13 18:16:00,0,57,False
2015-12-13 18:24:00,0,53,False
2015-12-13 18:32:00,0,48,False
2015-12-13 18:40:00,0,44,False
2015-12-13 18:48:00,0,42,False
2015-12-13 18:56:00,0,42,False
2015-12-13 19:04:00,0,40,False
2015-12-13 19:12:00,0,40,False
2015-12-13 19:20:00,0,37,False
2015-12-13 19:28:00,0,38,False
2015-12-13 19:36:00,0,35,False
2015-12-13 19:44:00,0,34,False
2015-12-13 19:52:00,0,35,False
2015-12-13 20:00:00,0,36,False
2015-12-20 11:04:00,0,35,False
2015-12-20 11:12:00,0,36,False
2015-12-20 11:20:00,0,35,False
2015-12-20 11:28:00,0,36,False
2015-12-20 11:36:00,0,37,False
2015-12-20 11:44:00,0,38,False
2015-12-20 11:52:00,0,39,False
2015-12-20 12:00:00,0,40,False
2015-12-20 12:08:00,0,42,False
2015-12-20 12:16:00,0,44,False
2015-12-20 12:24:00,0,48,False
2015-12-20 12:32:00,0,50,False
2015-12-20 12:40:00,0,49,False
2015-12-20 12:48:00,0,48,False
2015-12-20 12:56:00,0,52,False
2015-12-20 13:04:00,0,54,False
2015-12-20 13:12:00,0,60,False
2015-12-20 13:20:00,0,69,False
2015-12-20 13:28:00,0,92,False
2015-12-20 13:36:00,0,92,False
2015-12-20 13:44:00,0,96,False
2015-12-20 13:52:00,0,86,False
2015-12-20 14:00:00,0,90,False
2015-12-20 14:08:00,0,84,False
2015-12-20 14:16:00,0,86,False
2015-12-20 14:24:00,0,82,False
2015-12-20 14:32:00,0,82,False
2015-12-20 14:40:00,0,83,False
2015-12-20 14:48:00,0,86,False
2015-12-20 14:56:00,0,86,False
2015-12-20 15:04:00,0,84,False
2015-12-20 15:12:00,0,100,False
2015-12-20 15:20:00,0,93,False
2015-12-20 15:28:00,0,83,False
2015-12-20 15:36:00,0,74,False
2015-12-20 15:44:00,0,67,False
2015-12-20 15:52:00,0,62,False
2015-12-20 16:00:00,0,57,False
2015-12-20 16:08:00,0,54,False
2015-12-20 16:16:00,0,52,False
2015-12-20 16:24:00,0,50,False
2015-12-20 16:32:00,0,47,False
2015-12-20 16:40:00,0,47,False
2015-12-20 16:48:00,0,44,False
2015-12-20 16:56:00,0,44,False
2015-12-26 13:04:00,0,28,False
2015-12-26 13:12:00,0,32,False
2015-12-26 13:20:00,0,32,False
2015-12-26 13:28:00,0,33,False
2015-12-26 13:36:00,0,32,False
2015-12-26 13:44:00,0,32,False
2015-12-26 13:52:00,0,33,False
2015-12-26 14:00:00,0,38,False
2015-12-26 14:08:00,0,38,False
2015-12-26 14:16:00,0,39,False
2015-12-26 14:24:00,0,38,False
2015-12-26 14:32:00,0,47,False
2015-12-26 14:40:00,0,61,False
2015-12-26 14:48:00,0,71,False
2015-12-26 14:56:00,0,100,False
2015-12-26 15:04:00,0,98,False
2015-12-26 15:12:00,0,89,False
2015-12-26 15:20:00,0,84,False
2015-12-26 15:28:00,0,81,False
2015-12-26 15:36:00,0,77,False
2015-12-26 15:44:00,0,74,False
2015-12-26 15:52:00,0,70,False
2015-12-26 16:00:00,0,74,False
2015-12-26 16:08:00,0,83,False
2015-12-26 16:16:00,0,89,False
2015-12-26 16:24:00,1,92,False
2015-12-26 16:32:00,0,83,False
2015-12-26 16:40:00,0,82,False
2015-12-26 16:48:00,1,92,False
2015-12-26 16:56:00,1,89,False
2015-12-26 17:04:00,0,70,False
2015-12-26 17:12:00,0,63,False
2015-12-26 17:20:00,0,56,False
2015-12-26 17:28:00,0,52,False
2015-12-26 17:36:00,0,48,False
2015-12-26 17:44:00,0,45,False
2015-12-26 17:52:00,0,45,False
2015-12-26 18:00:00,0,41,False
2015-12-26 18:08:00,0,40,False
2015-12-26 18:16:00,0,38,False
2015-12-26 18:24:00,0,37,False
2015-12-26 18:32:00,0,36,False
2015-12-26 18:40:00,0,35,False
2015-12-26 18:48:00,0,35,False
2015-12-26 18:56:00,0,33,False
2015-12-30 17:04:00,0,29,False
2015-12-30 17:12:00,0,28,False
2015-12-30 17:20:00,0,29,False
2015-12-30 17:28:00,0,29,False
2015-12-30 17:36:00,0,29,False
2015-12-30 17:44:00,0,30,False
2015-12-30 17:52:00,0,31,False
2015-12-30 18:00:00,0,31,False
2015-12-30 18:08:00,0,32,False
2015-12-30 18:16:00,0,33,False
2015-12-30 18:24:00,0,35,False
2015-12-30 18:32:00,0,34,False
2015-12-30 18:40:00,0,39,False
2015-12-30 18:48:00,0,41,False
2015-12-30 18:56:00,0,43,False
2015-12-30 19:04:00,0,42,False
2015-12-30 19:12:00,0,44,False
2015-12-30 19:20:00,0,46,False
2015-12-30 19:28:00,0,53,False
2015-12-30 19:36:00,0,60,False
2015-12-30 19:44:00,0,71,False
2015-12-30 19:52:00,0,67,False
2015-12-30 20:00:00,0,66,False
2015-12-30 20:08:00,0,66,False
2015-12-30 20:16:00,0,65,False
2015-12-30 20:24:00,0,63,False
2015-12-30 20:32:00,0,66,False
2015-12-30 20:40:00,0,65,False
2015-12-30 20:48:00,0,83,False
2015-12-30 20:56:00,0,79,False
2015-12-30 21:04:00,0,78,False
2015-12-30 21:12:00,0,75,False
2015-12-30 21:20:00,0,80,False
2015-12-30 21:28:00,1,81,False
2015-12-30 21:36:00,1,100,False
2015-12-30 21:44:00,0,79,False
2015-12-30 21:52:00,0,69,False
2015-12-30 22:00:00,0,63,False
2015-12-30 22:08:00,0,58,False
2015-12-30 22:16:00,0,56,False
2015-12-30 22:24:00,0,52,False
2015-12-30 22:32:00,0,50,False
2015-12-30 22:40:00,0,47,False
2015-12-30 22:48:00,0,46,False
2015-12-30 22:56:00,0,45,False
2016-01-02 10:00:00,0,33,False
2016-01-02 10:08:00,0,34,False
2016-01-02 10:16:00,0,35,False
2016-01-02 10:24:00,0,35,False
2016-01-02 10:32:00,0,37,False
2016-01-02 10:40:00,0,37,False
2016-01-02 10:48:00,0,39,False
2016-01-02 10:56:00,0,40,False
2016-01-02 11:04:00,0,41,False
2016-01-02 11:12:00,0,41,False
2016-01-02 11:20:00,0,43,False
2016-01-02 11:28:00,0,44,False
2016-01-02 11:36:00,0,47,False
2016-01-02 11:44:00,0,53,False
2016-01-02 11:52:00,0,53,False
2016-01-02 12:00:00,0,54,False
2016-01-02 12:08:00,0,53,False
2016-01-02 12:16:00,0,58,False
2016-01-02 12:24:00,0,65,False
2016-01-02 12:32:00,0,72,False
2016-01-02 12:40:00,0,90,False
2016-01-02 12:48:00,0,95,False
2016-01-02 12:56:00,0,94,False
2016-01-02 13:04:00,0,87,False
2016-01-02 13:12:00,0,84,False
2016-01-02 13:20:00,0,83,False
2016-01-02 13:28:00,0,79,False
2016-01-02 13:36:00,0,86,False
2016-01-02 13:44:00,0,81,False
2016-01-02 13:52:00,0,84,False
2016-01-02 14:00:00,0,100,False
2016-01-02 14:08:00,0,94,False
2016-01-02 14:16:00,0,91,False
2016-01-02 14:24:00,0,84,False
2016-01-02 14:32:00,0,91,False
2016-01-02 14:40:00,0,90,False
2016-01-02 14:48:00,0,73,False
2016-01-02 14:56:00,0,63,False
2016-01-02 15:04:00,0,56,False
2016-01-02 15:12:00,0,51,False
2016-01-02 15:20:00,0,48,False
2016-01-02 15:28:00,0,45,False
2016-01-02 15:36:00,0,43,False
2016-01-02 15:44:00,0,44,False
2016-01-02 15:52:00,0,41,False
2016-01-02 16:00:00,0,39,False
2016-01-13 18:00:00,0,25,False
2016-01-13 18:08:00,0,25,False
2016-01-13 18:16:00,0,26,False
2016-01-13 18:24:00,0,27,False
2016-01-13 18:32:00,0,28,False
2016-01-13 18:40:00,0,29,False
2016-01-13 18:48:00,0,30,False
2016-01-13 18:56:00,0,34,False
2016-01-13 19:04:00,0,35,False
2016-01-13 19:12:00,0,36,False
2016-01-13 19:20:00,0,37,False
2016-01-13 19:28:00,0,42,False
2016-01-13 19:36:00,0,45,False
2016-01-13 19:44:00,0,54,False
2016-01-13 19:52:00,0,68,False
2016-01-13 20:00:00,0,81,False
2016-01-13 20:08:00,0,85,False
2016-01-13 20:16:00,0,89,False
2016-01-13 20:24:00,0,90,False
2016-01-13 20:32:00,0,81,False
2016-01-13 20:40:00,0,68,False
2016-01-13 20:48:00,0,72,False
2016-01-13 20:56:00,0,69,False
2016-01-13 21:04:00,0,73,False
2016-01-13 21:12:00,0,76,False
2016-01-13 21:20:00,0,76,False
2016-01-13 21:28:00,0,74,False
2016-01-13 21:36:00,0,75,False
2016-01-13 21:44:00,0,89,False
2016-01-13 21:52:00,0,100,False
2016-01-13 22:00:00,0,79,False
2016-01-13 22:08:00,0,63,False
2016-01-13 22:16:00,0,58,False
2016-01-13 22:24:00,0,52,False
2016-01-13 22:32:00,0,51,False
2016-01-13 22:40:00,0,45,False
2016-01-13 22:48:00,0,45,False
2016-01-13 22:56:00,0,44,False
2016-01-13 23:04:00,0,39,False
2016-01-13 23:12:00,0,38,False
2016-01-13 23:20:00,0,36,False
2016-01-13 23:28:00,0,36,False
2016-01-13 23:36:00,0,35,False
2016-01-13 23:44:00,0,31,False
2016-01-13 23:52:00,0,31,False
2016-01-14 00:00:00,0,31,False
2016-01-17 12:00:00,0,33,False
2016-01-17 12:08:00,0,34,False
2016-01-17 12:16:00,0,34,False
2016-01-17 12:24:00,0,34,False
2016-01-17 12:32:00,0,36,False
2016-01-17 12:40:00,0,37,False
2016-01-17 12:48:00,0,39,False
2016-01-17 12:56:00,0,43,False
2016-01-17 13:04:00,0,47,False
2016-01-17 13:12:00,0,46,False
2016-01-17 13:20:00,0,46,False
2016-01-17 13:28:00,0,49,False
2016-01-17 13:36:00,0,53,False
2016-01-17 13:44:00,0,62,False
2016-01-17 13:52:00,0,75,False
2016-01-17 14:00:00,0,100,False
2016-01-17 14:08:00,0,93,False
2016-01-17 14:16:00,0,92,False
2016-01-17 14:24:00,0,83,False
2016-01-17 14:32:00,0,82,False
2016-01-17 14:40:00,0,77,False
2016-01-17 14:48:00,0,75,False
2016-01-17 14:56:00,0,71,False
2016-01-17 15:04:00,0,71,False
2016-01-17 15:12:00,0,75,False
2016-01-17 15:20:00,0,75,False
2016-01-17 15:28:00,0,75,False
2016-01-17 15:36:00,0,83,False
2016-01-17 15:44:00,0,83,False
2016-01-17 15:52:00,0,88,False
2016-01-17 16:00:00,0,78,False
2016-01-17 16:08:00,0,64,False
2016-01-17 16:16:00,0,54,False
2016-01-17 16:24:00,0,47,False
2016-01-17 16:32:00,0,42,False
2016-01-17 16:40:00,0,39,False
2016-01-17 16:48:00,0,37,False
2016-01-17 16:56:00,0,34,False
2016-01-17 17:04:00,0,32,False
2016-01-17 17:12:00,0,30,False
2016-01-17 17:20:00,0,28,False
2016-01-17 17:28:00,0,28,False
2016-01-17 17:36:00,0,26,False
2016-01-17 17:44:00,0,26,False
2016-01-17 17:52:00,0,25,False
2016-01-17 18:00:00,0,24,False
2016-01-23 10:00:00,0,21,False
2016-01-23 10:08:00,0,22,False
2016-01-23 10:16:00,0,22,False
2016-01-23 10:24:00,0,22,False
2016-01-23 10:32:00,0,23,False
2016-01-23 10:40:00,0,22,False
2016-01-23 10:48:00,0,23,False
2016-01-23 10:56:00,0,23,False
2016-01-23 11:04:00,0,24,False
2016-01-23 11:12:00,0,24,False
2016-01-23 11:20:00,0,25,False
2016-01-23 11:28:00,0,26,False
2016-01-23 11:36:00,0,28,False
2016-01-23 11:44:00,0,31,False
2016-01-23 11:52:00,0,30,False
2016-01-23 12:00:00,0,30,False
2016-01-23 12:08:00,0,32,False
2016-01-23 12:16:00,0,32,False
2016-01-23 12:24:00,0,34,False
2016-01-23 12:32:00,0,39,False
2016-01-23 12:40:00,0,48,False
2016-01-23 12:48:00,0,49,False
2016-01-23 12:56:00,0,46,False
2016-01-23 13:04:00,0,51,False
2016-01-23 13:12:00,0,51,False
2016-01-23 13:20:00,0,48,False
2016-01-23 13:28:00,0,54,False
2016-01-23 13:36:00,0,48,False
2016-01-23 13:44:00,0,49,False
2016-01-23 13:52:00,0,56,False
2016-01-23 14:00:00,0,64,False
2016-01-23 14:08:00,0,63,False
2016-01-23 14:16:00,0,70,False
2016-01-23 14:24:00,0,67,False
2016-01-23 14:32:00,1,87,False
2016-01-23 14:40:00,0,100,False
2016-01-23 14:48:00,0,77,False
2016-01-23 14:56:00,0,67,False
2016-01-23 15:04:00,0,58,False
2016-01-23 15:12:00,0,53,False
2016-01-23 15:20:00,0,50,False
2016-01-23 15:28:00,0,47,False
2016-01-23 15:36:00,0,43,False
2016-01-23 15:44:00,0,44,False
2016-01-23 15:52:00,0,42,False
2016-01-23 16:00:00,0,39,False
2016-02-02 17:04:00,0,30,False
2016-02-02 17:12:00,0,29,False
2016-02-02 17:20:00,0,30,False
2016-02-02 17:28:00,0,31,False
2016-02-02 17:36:00,0,30,False
2016-02-02 17:44:00,0,32,False
2016-02-02 17:52:00,0,32,False
2016-02-02 18:00:00,0,33,False
2016-02-02 18:08:00,0,34,False
2016-02-02 18:16:00,0,35,False
2016-02-02 18:24:00,0,37,False
2016-02-02 18:32:00,0,37,False
2016-02-02 18:40:00,0,40,False
2016-02-02 18:48:00,0,44,False
2016-02-02 18:56:00,0,44,False
2016-02-02 19:04:00,0,46,False
2016-02-02 19:12:00,0,47,False
2016-02-02 19:20:00,0,54,False
2016-02-02 19:28:00,0,63,False
2016-02-02 19:36:00,0,79,False
2016-02-02 19:44:00,0,98,False
2016-02-02 19:52:00,0,89,False
2016-02-02 20:00:00,0,81,False
2016-02-02 20:08:00,0,79,False
2016-02-02 20:16:00,0,74,False
2016-02-02 20:24:00,0,71,False
2016-02-02 20:32:00,0,72,False
2016-02-02 20:40:00,0,70,False
2016-02-02 20:48:00,0,74,False
2016-02-02 20:56:00,0,92,False
2016-02-02 21:04:00,0,96,False
2016-02-02 21:12:00,0,100,False
2016-02-02 21:20:00,1,87,False
2016-02-02 21:28:00,0,90,False
2016-02-02 21:36:00,0,97,False
2016-02-02 21:44:00,1,86,False
2016-02-02 21:52:00,0,75,False
2016-02-02 22:00:00,0,77,False
2016-02-02 22:08:00,0,72,False
2016-02-02 22:16:00,0,61,False
2016-02-02 22:24:00,0,58,False
2016-02-02 22:32:00,0,57,False
2016-02-02 22:40:00,0,54,False
2016-02-02 22:48:00,0,53,False
2016-02-02 22:56:00,0,51,False
2016-02-06 13:04:00,0,36,False
2016-02-06 13:12:00,0,32,False
2016-02-06 13:20:00,0,33,False
2016-02-06 13:28:00,0,35,False
2016-02-06 13:36:00,0,34,False
2016-02-06 13:44:00,0,33,False
2016-02-06 13:52:00,0,35,False
2016-02-06 14:00:00,0,42,False
2016-02-06 14:08:00,0,42,False
2016-02-06 14:16:00,0,39,False
2016-02-06 14:24:00,0,40,False
2016-02-06 14:32:00,0,44,False
2016-02-06 14:40:00,0,52,False
2016-02-06 14:48:00,0,55,False
2016-02-06 14:56:00,0,71,False
2016-02-06 15:04:00,0,66,False
2016-02-06 15:12:00,0,61,False
2016-02-06 15:20:00,0,60,False
2016-02-06 15:28:00,0,60,False
2016-02-06 15:36:00,0,61,False
2016-02-06 15:44:00,0,59,False
2016-02-06 15:52:00,0,57,False
2016-02-06 16:00:00,0,59,False
2016-02-06 16:08:00,0,60,False
2016-02-06 16:16:00,0,72,False
2016-02-06 16:24:00,0,72,False
2016-02-06 16:32:00,1,88,False
2016-02-06 16:40:00,1,100,False
2016-02-06 16:48:00,1,92,False
2016-02-06 16:56:00,1,89,False
2016-02-06 17:04:00,0,69,False
2016-02-06 17:12:00,0,62,False
2016-02-06 17:20:00,0,55,False
2016-02-06 17:28:00,0,53,False
2016-02-06 17:36:00,0,47,False
2016-02-06 17:44:00,0,45,False
2016-02-06 17:52:00,0,43,False
2016-02-06 18:00:00,0,44,False
2016-02-06 18:08:00,0,41,False
2016-02-06 18:16:00,0,41,False
2016-02-06 18:24:00,0,39,False
2016-02-06 18:32:00,0,38,False
2016-02-06 18:40:00,0,38,False
2016-02-06 18:48:00,0,36,False
2016-02-06 18:56:00,0,36,False
2016-02-14 12:00:00,0,26,False
2016-02-14 12:08:00,0,26,False
2016-02-14 12:16:00,0,26,False
2016-02-14 12:24:00,0,27,False
2016-02-14 12:32:00,0,27,False
2016-02-14 12:40:00,0,28,False
2016-02-14 12:48:00,0,31,False
2016-02-14 12:56:00,0,32,False
2016-02-14 13:04:00,0,32,False
2016-02-14 13:12:00,0,30,False
2016-02-14 13:20:00,0,32,False
2016-02-14 13:28:00,0,31,False
2016-02-14 13:36:00,0,33,False
2016-02-14 13:44:00,0,36,False
2016-02-14 13:52:00,0,57,False
2016-02-14 14:00:00,0,64,False
2016-02-14 14:08:00,0,60,False
2016-02-14 14:16:00,0,64,False
2016-02-14 14:24:00,1,68,False
2016-02-14 14:32:00,1,70,False
2016-02-14 14:40:00,1,67,False
2016-02-14 14:48:00,1,61,False
2016-02-14 14:56:00,1,59,False
2016-02-14 15:04:00,1,61,False
2016-02-14 15:12:00,1,63,False
2016-02-14 15:20:00,1,79,False
2016-02-14 15:28:00,1,100,False
2016-02-14 15:36:00,1,97,False
2016-02-14 15:44:00,1,89,False
2016-02-14 15:52:00,1,91,False
2016-02-14 16:00:00,1,83,False
2016-02-14 16:08:00,1,69,False
2016-02-14 16:16:00,0,61,False
2016-02-14 16:24:00,0,56,False
2016-02-14 16:32:00,0,51,False
2016-02-14 16:40:00,0,49,False
2016-02-14 16:48:00,0,48,False
2016-02-14 16:56:00,0,45,False
2016-02-14 17:04:00,0,44,False
2016-02-14 17:12:00,0,42,False
2016-02-14 17:20:00,0,37,False
2016-02-14 17:28:00,0,38,False
2016-02-14 17:36:00,0,37,False
2016-02-14 17:44:00,0,36,False
2016-02-14 17:52:00,0,35,False
2016-02-14 18:00:00,0,35,False
2016-03-02 18:00:00,0,27,False
2016-03-02 18:08:00,0,30,False
2016-03-02 18:16:00,0,29,False
2016-03-02 18:24:00,0,31,False
2016-03-02 18:32:00,0,32,False
2016-03-02 18:40:00,0,36,False
2016-03-02 18:48:00,0,36,False
2016-03-02 18:56:00,0,38,False
2016-03-02 19:04:00,0,39,False
2016-03-02 19:12:00,0,39,False
2016-03-02 19:20:00,0,41,False
2016-03-02 19:28:00,0,45,False
2016-03-02 19:36:00,0,48,False
2016-03-02 19:44:00,0,55,False
2016-03-02 19:52:00,0,66,False
2016-03-02 20:00:00,0,78,False
2016-03-02 20:08:00,0,74,False
2016-03-02 20:16:00,0,68,False
2016-03-02 20:24:00,0,70,False
2016-03-02 20:32:00,0,80,False
2016-03-02 20:40:00,0,90,False
2016-03-02 20:48:00,0,85,False
2016-03-02 20:56:00,0,81,False
2016-03-02 21:04:00,0,81,False
2016-03-02 21:12:00,1,98,False
2016-03-02 21:20:00,0,92,False
2016-03-02 21:28:00,1,92,False
2016-03-02 21:36:00,1,90,False
2016-03-02 21:44:00,0,93,False
2016-03-02 21:52:00,0,100,False
2016-03-02 22:00:00,0,86,False
2016-03-02 22:08:00,0,74,False
2016-03-02 22:16:00,0,68,False
2016-03-02 22:24:00,0,61,False
2016-03-02 22:32:00,0,61,False
2016-03-02 22:40:00,0,56,False
2016-03-02 22:48:00,0,52,False
2016-03-02 22:56:00,0,51,False
2016-03-02 23:04:00,0,49,False
2016-03-02 23:12:00,0,47,False
2016-03-02 23:20:00,0,47,False
2016-03-02 23:28:00,0,44,False
2016-03-02 23:36:00,0,44,False
2016-03-02 23:44:00,0,41,False
2016-03-02 23:52:00,0,39,False
2016-03-03 00:00:00,0,40,False
2016-03-06 11:04:00,0,27,False
2016-03-06 11:12:00,0,27,False
2016-03-06 11:20:00,0,28,False
2016-03-06 11:28:00,0,30,False
2016-03-06 11:36:00,0,29,False
2016-03-06 11:44:00,0,29,False
2016-03-06 11:52:00,0,29,False
2016-03-06 12:00:00,0,32,False
2016-03-06 12:08:00,0,32,False
2016-03-06 12:16:00,0,34,False
2016-03-06 12:24:00,0,37,False
2016-03-06 12:32:00,0,38,False
2016-03-06 12:40:00,0,37,False
2016-03-06 12:48:00,0,38,False
2016-03-06 12:56:00,0,41,False
2016-03-06 13:04:00,0,41,False
2016-03-06 13:12:00,0,46,False
2016-03-06 13:20:00,0,53,False
2016-03-06 13:28:00,0,64,False
2016-03-06 13:36:00,0,62,False
2016-03-06 13:44:00,0,59,False
2016-03-06 13:52:00,0,59,False
2016-03-06 14:00:00,0,57,False
2016-03-06 14:08:00,0,55,False
2016-03-06 14:16:00,0,58,False
2016-03-06 14:24:00,0,55,False
2016-03-06 14:32:00,0,62,False
2016-03-06 14:40:00,0,64,False
2016-03-06 14:48:00,0,66,False
2016-03-06 14:56:00,0,74,False
2016-03-06 15:04:00,0,71,False
2016-03-06 15:12:00,0,68,False
2016-03-06 15:20:00,1,100,False
2016-03-06 15:28:00,1,88,False
2016-03-06 15:36:00,0,72,False
2016-03-06 15:44:00,0,64,False
2016-03-06 15:52:00,0,57,False
2016-03-06 16:00:00,0,52,False
2016-03-06 16:08:00,0,48,False
2016-03-06 16:16:00,0,44,False
2016-03-06 16:24:00,0,43,False
2016-03-06 16:32:00,0,41,False
2016-03-06 16:40:00,0,42,False
2016-03-06 16:48:00,0,39,False
2016-03-06 16:56:00,0,37,False
2016-03-20 11:04:00,0,30,False
2016-03-20 11:12:00,0,30,False
2016-03-20 11:20:00,0,30,False
2016-03-20 11:28:00,0,31,False
2016-03-20 11:36:00,0,32,False
2016-03-20 11:44:00,0,32,False
2016-03-20 11:52:00,0,32,False
2016-03-20 12:00:00,0,34,False
2016-03-20 12:08:00,0,35,False
2016-03-20 12:16:00,0,34,False
2016-03-20 12:24:00,0,39,False
2016-03-20 12:32:00,0,42,False
2016-03-20 12:40:00,0,43,False
2016-03-20 12:48:00,0,44,False
2016-03-20 12:56:00,0,47,False
2016-03-20 13:04:00,0,52,False
2016-03-20 13:12:00,0,59,False
2016-03-20 13:20:00,0,78,False
2016-03-20 13:28:00,0,100,False
2016-03-20 13:36:00,0,86,False
2016-03-20 13:44:00,0,91,False
2016-03-20 13:52:00,0,100,False
2016-03-20 14:00:00,0,85,False
2016-03-20 14:08:00,1,79,False
2016-03-20 14:16:00,0,75,False
2016-03-20 14:24:00,0,69,False
2016-03-20 14:32:00,0,73,False
2016-03-20 14:40:00,0,73,False
2016-03-20 14:48:00,0,78,False
2016-03-20 14:56:00,0,75,False
2016-03-20 15:04:00,0,72,False
2016-03-20 15:12:00,1,97,False
2016-03-20 15:20:00,1,95,False
2016-03-20 15:28:00,0,78,False
2016-03-20 15:36:00,0,64,False
2016-03-20 15:44:00,0,57,False
2016-03-20 15:52:00,0,51,False
2016-03-20 16:00:00,0,46,False
2016-03-20 16:08:00,0,43,False
2016-03-20 16:16:00,0,41,False
2016-03-20 16:24:00,0,38,False
2016-03-20 16:32:00,0,35,False
2016-03-20 16:40:00,0,34,False
2016-03-20 16:48:00,0,36,False
2016-03-20 16:56:00,0,36,False
2016-04-02 15:04:00,0,30,False
2016-04-02 15:12:00,0,30,False
2016-04-02 15:20:00,0,33,False
2016-04-02 15:28:00,0,37,False
2016-04-02 15:36:00,0,37,False
2016-04-02 15:44:00,0,37,False
2016-04-02 15:52:00,0,47,False
2016-04-02 16:00:00,0,50,False
2016-04-02 16:08:00,0,52,False
2016-04-02 16:16:00,0,60,False
2016-04-02 16:24:00,0,77,False
2016-04-02 16:32:00,0,81,False
2016-04-02 16:40:00,0,77,False
2016-04-02 16:48:00,0,77,False
2016-04-02 16:56:00,0,77,False
2016-04-02 17:04:00,0,80,False
2016-04-02 17:12:00,0,78,False
2016-04-02 17:20:00,0,75,False
2016-04-02 17:28:00,0,77,False
2016-04-02 17:36:00,0,97,False
2016-04-02 17:44:00,0,96,False
2016-04-02 17:52:00,0,97,False
2016-04-02 18:00:00,0,94,False
2016-04-02 18:08:00,0,93,False
2016-04-02 18:16:00,0,100,False
2016-04-02 18:24:00,0,79,False
2016-04-02 18:32:00,0,67,False
2016-04-02 18:40:00,0,57,False
2016-04-02 18:48:00,0,50,False
2016-04-02 18:56:00,0,49,False
2016-04-02 19:04:00,0,45,False
2016-04-02 19:12:00,0,44,False
2016-04-02 19:20:00,0,46,False
2016-04-02 19:28:00,0,40,False
2016-04-02 19:36:00,0,35,False
2016-04-02 19:44:00,0,35,False
2016-04-02 19:52:00,0,34,False
2016-04-02 20:00:00,0,33,False
2016-04-02 20:08:00,0,31,False
2016-04-02 20:16:00,0,33,False
2016-04-02 20:24:00,0,36,False
2016-04-02 20:32:00,0,33,False
2016-04-02 20:40:00,0,31,False
2016-04-02 20:48:00,0,31,False
2016-04-02 20:56:00,0,33,False
2016-04-10 14:00:00,0,40,False
2016-04-10 14:08:00,0,38,False
2016-04-10 14:16:00,0,37,False
2016-04-10 14:24:00,0,49,False
2016-04-10 14:32:00,0,49,False
2016-04-10 14:40:00,0,55,False
2016-04-10 14:48:00,0,68,False
2016-04-10 14:56:00,0,90,False
2016-04-10 15:04:00,0,100,False
2016-04-10 15:12:00,0,96,False
2016-04-10 15:20:00,0,85,False
2016-04-10 15:28:00,0,85,False
2016-04-10 15:36:00,0,81,False
2016-04-10 15:44:00,0,76,False
2016-04-10 15:52:00,0,73,False
2016-04-10 16:00:00,0,79,False
2016-04-10 16:08:00,1,88,False
2016-04-10 16:16:00,1,88,False
2016-04-10 16:24:00,1,83,False
2016-04-10 16:32:00,1,76,False
2016-04-10 16:40:00,0,73,False
2016-04-10 16:48:00,1,79,False
2016-04-10 16:56:00,0,69,False
2016-04-10 17:04:00,0,62,False
2016-04-10 17:12:00,0,57,False
2016-04-10 17:20:00,0,55,False
2016-04-10 17:28:00,0,50,False
2016-04-10 17:36:00,0,44,False
2016-04-10 17:44:00,0,43,False
2016-04-10 17:52:00,0,41,False
2016-04-10 18:00:00,0,38,False
2016-04-10 18:08:00,0,38,False
2016-04-10 18:16:00,0,35,False
2016-04-10 18:24:00,0,36,False
2016-04-10 18:32:00,0,35,False
2016-04-10 18:40:00,0,34,False
2016-04-10 18:48:00,0,33,False
2016-04-10 18:56:00,0,33,False
2016-04-10 19:04:00,0,32,False
2016-04-10 19:12:00,0,32,False
2016-04-10 19:20:00,0,31,False
2016-04-10 19:28:00,0,32,False
2016-04-10 19:36:00,0,30,False
2016-04-10 19:44:00,0,31,False
2016-04-10 19:52:00,0,30,False
2016-04-10 20:00:00,0,30,False
2016-04-17 11:04:00,0,42,False
2016-04-17 11:12:00,0,42,False
2016-04-17 11:20:00,0,45,False
2016-04-17 11:28:00,0,50,False
2016-04-17 11:36:00,0,52,False
2016-04-17 11:44:00,0,52,False
2016-04-17 11:52:00,0,52,False
2016-04-17 12:00:00,0,56,False
2016-04-17 12:08:00,0,61,False
2016-04-17 12:16:00,0,73,False
2016-04-17 12:24:00,0,94,False
2016-04-17 12:32:00,0,100,False
2016-04-17 12:40:00,0,94,False
2016-04-17 12:48:00,0,90,False
2016-04-17 12:56:00,0,85,False
2016-04-17 13:04:00,0,84,False
2016-04-17 13:12:00,1,91,False
2016-04-17 13:20:00,1,87,False
2016-04-17 13:28:00,1,81,False
2016-04-17 13:36:00,1,85,False
2016-04-17 13:44:00,1,83,False
2016-04-17 13:52:00,0,83,False
2016-04-17 14:00:00,0,79,False
2016-04-17 14:08:00,0,76,False
2016-04-17 14:16:00,1,79,False
2016-04-17 14:24:00,1,90,False
2016-04-17 14:32:00,0,69,False
2016-04-17 14:40:00,0,63,False
2016-04-17 14:48:00,0,57,False
2016-04-17 14:56:00,0,53,False
2016-04-17 15:04:00,0,49,False
2016-04-17 15:12:00,0,48,False
2016-04-17 15:20:00,0,46,False
2016-04-17 15:28:00,0,44,False
2016-04-17 15:36:00,0,44,False
2016-04-17 15:44:00,0,43,False
2016-04-17 15:52:00,0,43,False
2016-04-17 16:00:00,0,42,False
2016-04-17 16:08:00,0,38,False
2016-04-17 16:16:00,0,39,False
2016-04-17 16:24:00,0,40,False
2016-04-17 16:32:00,0,38,False
2016-04-17 16:40:00,0,38,False
2016-04-17 16:48:00,0,39,False
2016-04-17 16:56:00,0,39,False
2016-04-20 18:00:00,0,31,False
2016-04-20 18:08:00,0,31,False
2016-04-20 18:16:00,0,32,False
2016-04-20 18:24:00,0,35,False
2016-04-20 18:32:00,0,38,False
2016-04-20 18:40:00,0,42,False
2016-04-20 18:48:00,0,49,False
2016-04-20 18:56:00,0,63,False
2016-04-20 19:04:00,0,63,False
2016-04-20 19:12:00,0,61,False
2016-04-20 19:20:00,0,58,False
2016-04-20 19:28:00,0,62,False
2016-04-20 19:36:00,0,65,False
2016-04-20 19:44:00,1,83,False
2016-04-20 19:52:00,0,72,False
2016-04-20 20:00:00,0,71,False
2016-04-20 20:08:00,0,77,False
2016-04-20 20:16:00,1,85,False
2016-04-20 20:24:00,1,82,False
2016-04-20 20:32:00,1,88,False
2016-04-20 20:40:00,1,88,False
2016-04-20 20:48:00,1,87,False
2016-04-20 20:56:00,1,100,False
2016-04-20 21:04:00,0,73,False
2016-04-20 21:12:00,0,67,False
2016-04-20 21:20:00,0,59,False
2016-04-20 21:28:00,0,57,False
2016-04-20 21:36:00,0,53,False
2016-04-20 21:44:00,0,49,False
2016-04-20 21:52:00,0,46,False
2016-04-20 22:00:00,0,45,False
2016-04-20 22:08:00,0,43,False
2016-04-20 22:16:00,0,41,False
2016-04-20 22:24:00,0,39,False
2016-04-20 22:32:00,0,37,False
2016-04-20 22:40:00,0,36,False
2016-04-20 22:48:00,0,34,False
2016-04-20 22:56:00,0,34,False
2016-04-20 23:04:00,0,31,False
2016-04-20 23:12:00,0,30,False
2016-04-20 23:20:00,0,29,False
2016-04-20 23:28:00,0,28,False
2016-04-20 23:36:00,0,27,False
2016-04-20 23:44:00,0,26,False
2016-04-20 23:52:00,0,25,False
2016-04-21 00:00:00,0,25,False
2016-04-23 13:04:00,0,45,False
2016-04-23 13:12:00,0,42,False
2016-04-23 13:20:00,0,44,False
2016-04-23 13:28:00,0,48,False
2016-04-23 13:36:00,0,52,False
2016-04-23 13:44:00,0,60,False
2016-04-23 13:52:00,0,75,False
2016-04-23 14:00:00,1,100,False
2016-04-23 14:08:00,1,87,False
2016-04-23 14:16:00,1,79,False
2016-04-23 14:24:00,1,81,False
2016-04-23 14:32:00,1,80,False
2016-04-23 14:40:00,1,74,False
2016-04-23 14:48:00,1,73,False
2016-04-23 14:56:00,0,69,False
2016-04-23 15:04:00,1,76,False
2016-04-23 15:12:00,0,78,False
2016-04-23 15:20:00,0,84,False
2016-04-23 15:28:00,0,89,False
2016-04-23 15:36:00,1,90,False
2016-04-23 15:44:00,0,87,False
2016-04-23 15:52:00,1,93,False
2016-04-23 16:00:00,0,72,False
2016-04-23 16:08:00,0,59,False
2016-04-23 16:16:00,0,52,False
2016-04-23 16:24:00,0,49,False
2016-04-23 16:32:00,0,47,False
2016-04-23 16:40:00,0,46,False
2016-04-23 16:48:00,0,43,False
2016-04-23 16:56:00,0,41,False
2016-04-23 17:04:00,0,42,False
2016-04-23 17:12:00,0,38,False
2016-04-23 17:20:00,0,35,False
2016-04-23 17:28:00,0,35,False
2016-04-23 17:36:00,0,36,False
2016-04-23 17:44:00,0,34,False
2016-04-23 17:52:00,0,33,False
2016-04-23 18:00:00,0,35,False
2016-04-23 18:08:00,0,38,False
2016-04-23 18:16:00,0,36,False
2016-04-23 18:24:00,0,34,False
2016-04-23 18:32:00,0,34,False
2016-04-23 18:40:00,0,32,False
2016-04-23 18:48:00,0,31,False
2016-04-23 18:56:00,0,32,False
2016-05-01 10:00:00,0,49,False
2016-05-01 10:08:00,0,49,False
2016-05-01 10:16:00,0,49,False
2016-05-01 10:24:00,0,51,False
2016-05-01 10:32:00,0,54,False
2016-05-01 10:40:00,0,58,False
2016-05-01 10:48:00,0,69,False
2016-05-01 10:56:00,0,89,False
2016-05-01 11:04:00,0,93,False
2016-05-01 11:12:00,0,87,False
2016-05-01 11:20:00,0,94,False
2016-05-01 11:28:00,0,97,False
2016-05-01 11:36:00,0,94,False
2016-05-01 11:44:00,0,89,False
2016-05-01 11:52:00,0,86,False
2016-05-01 12:00:00,0,89,False
2016-05-01 12:08:00,0,91,False
2016-05-01 12:16:00,0,95,False
2016-05-01 12:24:00,1,100,False
2016-05-01 12:32:00,1,99,False
2016-05-01 12:40:00,0,92,False
2016-05-01 12:48:00,0,92,False
2016-05-01 12:56:00,0,82,False
2016-05-01 13:04:00,0,68,False
2016-05-01 13:12:00,0,63,False
2016-05-01 13:20:00,0,56,False
2016-05-01 13:28:00,0,52,False
2016-05-01 13:36:00,0,50,False
2016-05-01 13:44:00,0,46,False
2016-05-01 13:52:00,0,50,False
2016-05-01 14:00:00,0,47,False
2016-05-01 14:08:00,0,42,False
2016-05-01 14:16:00,0,42,False
2016-05-01 14:24:00,0,40,False
2016-05-01 14:32:00,0,38,False
2016-05-01 14:40:00,0,37,False
2016-05-01 14:48:00,0,36,False
2016-05-01 14:56:00,0,45,False
2016-05-01 15:04:00,0,39,False
2016-05-01 15:12:00,0,36,False
2016-05-01 15:20:00,0,35,False
2016-05-01 15:28:00,0,34,False
2016-05-01 15:36:00,0,34,False
2016-05-01 15:44:00,0,33,False
2016-05-01 15:52:00,0,33,False
2016-05-01 16:00:00,0,32,False
2016-05-08 14:00:00,0,47,False
2016-05-08 14:08:00,0,46,False
2016-05-08 14:16:00,0,46,False
2016-05-08 14:24:00,0,51,False
2016-05-08 14:32:00,0,51,False
2016-05-08 14:40:00,0,56,False
2016-05-08 14:48:00,0,65,False
2016-05-08 14:56:00,0,84,False
2016-05-08 15:04:00,0,87,False
2016-05-08 15:12:00,0,85,False
2016-05-08 15:20:00,0,80,False
2016-05-08 15:28:00,0,82,False
2016-05-08 15:36:00,1,86,False
2016-05-08 15:44:00,1,85,False
2016-05-08 15:52:00,0,75,False
2016-05-08 16:00:00,0,80,False
2016-05-08 16:08:00,1,83,False
2016-05-08 16:16:00,1,84,False
2016-05-08 16:24:00,1,85,False
2016-05-08 16:32:00,1,89,False
2016-05-08 16:40:00,1,84,False
2016-05-08 16:48:00,1,100,False
2016-05-08 16:56:00,1,82,False
2016-05-08 17:04:00,0,68,False
2016-05-08 17:12:00,0,63,False
2016-05-08 17:20:00,0,57,False
2016-05-08 17:28:00,0,54,False
2016-05-08 17:36:00,0,53,False
2016-05-08 17:44:00,0,47,False
2016-05-08 17:52:00,0,46,False
2016-05-08 18:00:00,0,44,False
2016-05-08 18:08:00,0,43,False
2016-05-08 18:16:00,0,42,False
2016-05-08 18:24:00,0,42,False
2016-05-08 18:32:00,0,41,False
2016-05-08 18:40:00,0,42,False
2016-05-08 18:48:00,0,39,False
2016-05-08 18:56:00,0,41,False
2016-05-08 19:04:00,0,40,False
2016-05-08 19:12:00,0,41,False
2016-05-08 19:20:00,0,38,False
2016-05-08 19:28:00,0,40,False
2016-05-08 19:36:00,0,39,False
2016-05-08 19:44:00,0,39,False
2016-05-08 19:52:00,0,39,False
2016-05-08 20:00:00,0,40,False
2016-05-11 18:00:00,0,40,False
2016-05-11 18:08:00,0,41,False
2016-05-11 18:16:00,0,42,False
2016-05-11 18:24:00,0,46,False
2016-05-11 18:32:00,0,51,False
2016-05-11 18:40:00,0,62,False
2016-05-11 18:48:00,0,70,False
2016-05-11 18:56:00,0,88,False
2016-05-11 19:04:00,0,86,False
2016-05-11 19:12:00,0,80,False
2016-05-11 19:20:00,0,80,False
2016-05-11 19:28:00,0,95,False
2016-05-11 19:36:00,1,82,False
2016-05-11 19:44:00,0,79,False
2016-05-11 19:52:00,0,76,False
2016-05-11 20:00:00,0,82,False
2016-05-11 20:08:00,0,86,False
2016-05-11 20:16:00,0,82,False
2016-05-11 20:24:00,0,85,False
2016-05-11 20:32:00,0,82,False
2016-05-11 20:40:00,0,86,False
2016-05-11 20:48:00,1,100,False
2016-05-11 20:56:00,1,92,False
2016-05-11 21:04:00,1,73,False
2016-05-11 21:12:00,0,66,False
2016-05-11 21:20:00,0,57,False
2016-05-11 21:28:00,0,54,False
2016-05-11 21:36:00,0,49,False
2016-05-11 21:44:00,0,48,False
2016-05-11 21:52:00,0,45,False
2016-05-11 22:00:00,0,43,False
2016-05-11 22:08:00,0,41,False
2016-05-11 22:16:00,0,40,False
2016-05-11 22:24:00,0,38,False
2016-05-11 22:32:00,0,37,False
2016-05-11 22:40:00,0,38,False
2016-05-11 22:48:00,0,35,False
2016-05-11 22:56:00,0,34,False
2016-05-11 23:04:00,0,33,False
2016-05-11 23:12:00,0,32,False
2016-05-11 23:20:00,0,31,False
2016-05-11 23:28:00,0,30,False
2016-05-11 23:36:00,0,29,False
2016-05-11 23:44:00,0,28,False
2016-05-11 23:52:00,0,26,False
2016-05-12 00:00:00,0,26,False
2016-05-15 13:04:00,0,55,False
2016-05-15 13:12:00,0,55,False
2016-05-15 13:20:00,0,54,False
2016-05-15 13:28:00,0,56,False
2016-05-15 13:36:00,0,59,False
2016-05-15 13:44:00,0,64,False
2016-05-15 13:52:00,0,84,False
2016-05-15 14:00:00,0,100,False
2016-05-15 14:08:00,1,100,False
2016-05-15 14:16:00,1,94,False
2016-05-15 14:24:00,1,97,False
2016-05-15 14:32:00,1,87,False
2016-05-15 14:40:00,1,80,False
2016-05-15 14:48:00,0,83,False
2016-05-15 14:56:00,1,78,False
2016-05-15 15:04:00,0,84,False
2016-05-15 15:12:00,0,87,False
2016-05-15 15:20:00,0,85,False
2016-05-15 15:28:00,1,84,False
2016-05-15 15:36:00,1,86,False
2016-05-15 15:44:00,0,90,False
2016-05-15 15:52:00,1,94,False
2016-05-15 16:00:00,0,79,False
2016-05-15 16:08:00,0,71,False
2016-05-15 16:16:00,0,67,False
2016-05-15 16:24:00,0,60,False
2016-05-15 16:32:00,0,59,False
2016-05-15 16:40:00,0,56,False
2016-05-15 16:48:00,0,51,False
2016-05-15 16:56:00,0,53,False
2016-05-15 17:04:00,0,51,False
2016-05-15 17:12:00,0,51,False
2016-05-15 17:20:00,0,50,False
2016-05-15 17:28:00,0,48,False
2016-05-15 17:36:00,0,47,False
2016-05-15 17:44:00,0,48,False
2016-05-15 17:52:00,0,46,False
2016-05-15 18:00:00,0,47,False
2016-05-15 18:08:00,0,45,False
2016-05-15 18:16:00,0,44,False
2016-05-15 18:24:00,0,47,False
2016-05-15 18:32:00,0,44,False
2016-05-15 18:40:00,0,46,False
2016-05-15 18:48:00,0,44,False
2016-05-15 18:56:00,0,47,False
