date,Norwich City Football Club,isPartial
2015-08-08 13:04:00,21,False
2015-08-08 13:12:00,42,False
2015-08-08 13:20:00,83,False
2015-08-08 13:28:00,21,False
2015-08-08 13:36:00,61,False
2015-08-08 13:44:00,60,False
2015-08-08 13:52:00,0,False
2015-08-08 14:00:00,60,False
2015-08-08 14:08:00,40,False
2015-08-08 14:16:00,39,False
2015-08-08 14:24:00,59,False
2015-08-08 14:32:00,79,False
2015-08-08 14:40:00,98,False
2015-08-08 14:48:00,19,False
2015-08-08 14:56:00,59,False
2015-08-08 15:04:00,39,False
2015-08-08 15:12:00,98,False
2015-08-08 15:20:00,39,False
2015-08-08 15:28:00,59,False
2015-08-08 15:36:00,79,False
2015-08-08 15:44:00,0,False
2015-08-08 15:52:00,39,False
2015-08-08 16:00:00,59,False
2015-08-08 16:08:00,79,False
2015-08-08 16:16:00,40,False
2015-08-08 16:24:00,100,False
2015-08-08 16:32:00,20,False
2015-08-08 16:40:00,61,False
2015-08-08 16:48:00,41,False
2015-08-08 16:56:00,61,False
2015-08-08 17:04:00,41,False
2015-08-08 17:12:00,82,False
2015-08-08 17:20:00,20,False
2015-08-08 17:28:00,21,False
2015-08-08 17:36:00,42,False
2015-08-08 17:44:00,21,False
2015-08-08 17:52:00,21,False
2015-08-08 18:00:00,0,False
2015-08-08 18:08:00,43,False
2015-08-08 18:16:00,65,False
2015-08-08 18:24:00,21,False
2015-08-08 18:32:00,43,False
2015-08-08 18:40:00,65,False
2015-08-08 18:48:00,22,False
2015-08-08 18:56:00,22,False
2015-08-15 13:04:00,36,False
2015-08-15 13:12:00,36,False
2015-08-15 13:20:00,0,False
2015-08-15 13:28:00,18,False
2015-08-15 13:36:00,17,False
2015-08-15 13:44:00,17,False
2015-08-15 13:52:00,17,False
2015-08-15 14:00:00,34,False
2015-08-15 14:08:00,51,False
2015-08-15 14:16:00,0,False
2015-08-15 14:24:00,33,False
2015-08-15 14:32:00,33,False
2015-08-15 14:40:00,33,False
2015-08-15 14:48:00,33,False
2015-08-15 14:56:00,33,False
2015-08-15 15:04:00,67,False
2015-08-15 15:12:00,0,False
2015-08-15 15:20:00,17,False
2015-08-15 15:28:00,83,False
2015-08-15 15:36:00,17,False
2015-08-15 15:44:00,33,False
2015-08-15 15:52:00,100,False
2015-08-15 16:00:00,33,False
2015-08-15 16:08:00,17,False
2015-08-15 16:16:00,67,False
2015-08-15 16:24:00,34,False
2015-08-15 16:32:00,0,False
2015-08-15 16:40:00,0,False
2015-08-15 16:48:00,0,False
2015-08-15 16:56:00,0,False
2015-08-15 17:04:00,52,False
2015-08-15 17:12:00,0,False
2015-08-15 17:20:00,35,False
2015-08-15 17:28:00,18,False
2015-08-15 17:36:00,18,False
2015-08-15 17:44:00,18,False
2015-08-15 17:52:00,0,False
2015-08-15 18:00:00,36,False
2015-08-15 18:08:00,18,False
2015-08-15 18:16:00,36,False
2015-08-15 18:24:00,0,False
2015-08-15 18:32:00,18,False
2015-08-15 18:40:00,18,False
2015-08-15 18:48:00,18,False
2015-08-15 18:56:00,37,False
2015-08-22 13:04:00,16,False
2015-08-22 13:12:00,15,False
2015-08-22 13:20:00,46,False
2015-08-22 13:28:00,30,False
2015-08-22 13:36:00,30,False
2015-08-22 13:44:00,44,False
2015-08-22 13:52:00,29,False
2015-08-22 14:00:00,59,False
2015-08-22 14:08:00,15,False
2015-08-22 14:16:00,57,False
2015-08-22 14:24:00,29,False
2015-08-22 14:32:00,58,False
2015-08-22 14:40:00,29,False
2015-08-22 14:48:00,43,False
2015-08-22 14:56:00,72,False
2015-08-22 15:04:00,72,False
2015-08-22 15:12:00,29,False
2015-08-22 15:20:00,72,False
2015-08-22 15:28:00,14,False
2015-08-22 15:36:00,72,False
2015-08-22 15:44:00,29,False
2015-08-22 15:52:00,100,False
2015-08-22 16:00:00,43,False
2015-08-22 16:08:00,72,False
2015-08-22 16:16:00,58,False
2015-08-22 16:24:00,14,False
2015-08-22 16:32:00,44,False
2015-08-22 16:40:00,15,False
2015-08-22 16:48:00,15,False
2015-08-22 16:56:00,15,False
2015-08-22 17:04:00,30,False
2015-08-22 17:12:00,0,False
2015-08-22 17:20:00,30,False
2015-08-22 17:28:00,30,False
2015-08-22 17:36:00,15,False
2015-08-22 17:44:00,30,False
2015-08-22 17:52:00,46,False
2015-08-22 18:00:00,15,False
2015-08-22 18:08:00,15,False
2015-08-22 18:16:00,16,False
2015-08-22 18:24:00,0,False
2015-08-22 18:32:00,0,False
2015-08-22 18:40:00,47,False
2015-08-22 18:48:00,16,False
2015-08-22 18:56:00,16,False
2015-08-30 11:04:00,19,False
2015-08-30 11:12:00,0,False
2015-08-30 11:20:00,36,False
2015-08-30 11:28:00,0,False
2015-08-30 11:36:00,35,False
2015-08-30 11:44:00,53,False
2015-08-30 11:52:00,34,False
2015-08-30 12:00:00,34,False
2015-08-30 12:08:00,34,False
2015-08-30 12:16:00,100,False
2015-08-30 12:24:00,0,False
2015-08-30 12:32:00,50,False
2015-08-30 12:40:00,65,False
2015-08-30 12:48:00,48,False
2015-08-30 12:56:00,16,False
2015-08-30 13:04:00,32,False
2015-08-30 13:12:00,62,False
2015-08-30 13:20:00,30,False
2015-08-30 13:28:00,30,False
2015-08-30 13:36:00,30,False
2015-08-30 13:44:00,59,False
2015-08-30 13:52:00,59,False
2015-08-30 14:00:00,59,False
2015-08-30 14:08:00,29,False
2015-08-30 14:16:00,0,False
2015-08-30 14:24:00,0,False
2015-08-30 14:32:00,29,False
2015-08-30 14:40:00,43,False
2015-08-30 14:48:00,43,False
2015-08-30 14:56:00,43,False
2015-08-30 15:04:00,57,False
2015-08-30 15:12:00,14,False
2015-08-30 15:20:00,43,False
2015-08-30 15:28:00,43,False
2015-08-30 15:36:00,29,False
2015-08-30 15:44:00,14,False
2015-08-30 15:52:00,14,False
2015-08-30 16:00:00,29,False
2015-08-30 16:08:00,29,False
2015-08-30 16:16:00,0,False
2015-08-30 16:24:00,14,False
2015-08-30 16:32:00,29,False
2015-08-30 16:40:00,29,False
2015-08-30 16:48:00,29,False
2015-08-30 16:56:00,14,False
2015-09-12 13:04:00,14,False
2015-09-12 13:12:00,13,False
2015-09-12 13:20:00,27,False
2015-09-12 13:28:00,13,False
2015-09-12 13:36:00,39,False
2015-09-12 13:44:00,13,False
2015-09-12 13:52:00,26,False
2015-09-12 14:00:00,13,False
2015-09-12 14:08:00,25,False
2015-09-12 14:16:00,0,False
2015-09-12 14:24:00,50,False
2015-09-12 14:32:00,38,False
2015-09-12 14:40:00,0,False
2015-09-12 14:48:00,50,False
2015-09-12 14:56:00,37,False
2015-09-12 15:04:00,0,False
2015-09-12 15:12:00,25,False
2015-09-12 15:20:00,100,False
2015-09-12 15:28:00,62,False
2015-09-12 15:36:00,37,False
2015-09-12 15:44:00,25,False
2015-09-12 15:52:00,37,False
2015-09-12 16:00:00,37,False
2015-09-12 16:08:00,37,False
2015-09-12 16:16:00,12,False
2015-09-12 16:24:00,25,False
2015-09-12 16:32:00,50,False
2015-09-12 16:40:00,51,False
2015-09-12 16:48:00,25,False
2015-09-12 16:56:00,0,False
2015-09-12 17:04:00,38,False
2015-09-12 17:12:00,25,False
2015-09-12 17:20:00,38,False
2015-09-12 17:28:00,13,False
2015-09-12 17:36:00,26,False
2015-09-12 17:44:00,13,False
2015-09-12 17:52:00,13,False
2015-09-12 18:00:00,13,False
2015-09-12 18:08:00,27,False
2015-09-12 18:16:00,66,False
2015-09-12 18:24:00,27,False
2015-09-12 18:32:00,13,False
2015-09-12 18:40:00,14,False
2015-09-12 18:48:00,14,False
2015-09-12 18:56:00,55,False
2015-09-20 14:00:00,10,False
2015-09-20 14:08:00,10,False
2015-09-20 14:16:00,10,False
2015-09-20 14:24:00,20,False
2015-09-20 14:32:00,10,False
2015-09-20 14:40:00,10,False
2015-09-20 14:48:00,51,False
2015-09-20 14:56:00,50,False
2015-09-20 15:04:00,10,False
2015-09-20 15:12:00,40,False
2015-09-20 15:20:00,40,False
2015-09-20 15:28:00,60,False
2015-09-20 15:36:00,10,False
2015-09-20 15:44:00,30,False
2015-09-20 15:52:00,40,False
2015-09-20 16:00:00,70,False
2015-09-20 16:08:00,100,False
2015-09-20 16:16:00,60,False
2015-09-20 16:24:00,10,False
2015-09-20 16:32:00,50,False
2015-09-20 16:40:00,70,False
2015-09-20 16:48:00,60,False
2015-09-20 16:56:00,10,False
2015-09-20 17:04:00,30,False
2015-09-20 17:12:00,70,False
2015-09-20 17:20:00,50,False
2015-09-20 17:28:00,40,False
2015-09-20 17:36:00,30,False
2015-09-20 17:44:00,50,False
2015-09-20 17:52:00,20,False
2015-09-20 18:00:00,40,False
2015-09-20 18:08:00,10,False
2015-09-20 18:16:00,51,False
2015-09-20 18:24:00,31,False
2015-09-20 18:32:00,10,False
2015-09-20 18:40:00,10,False
2015-09-20 18:48:00,21,False
2015-09-20 18:56:00,21,False
2015-09-20 19:04:00,32,False
2015-09-20 19:12:00,42,False
2015-09-20 19:20:00,32,False
2015-09-20 19:28:00,33,False
2015-09-20 19:36:00,0,False
2015-09-20 19:44:00,44,False
2015-09-20 19:52:00,22,False
2015-09-20 20:00:00,23,False
2015-09-26 13:04:00,26,False
2015-09-26 13:12:00,26,False
2015-09-26 13:20:00,25,False
2015-09-26 13:28:00,25,False
2015-09-26 13:36:00,50,False
2015-09-26 13:44:00,49,False
2015-09-26 13:52:00,24,False
2015-09-26 14:00:00,0,False
2015-09-26 14:08:00,48,False
2015-09-26 14:16:00,48,False
2015-09-26 14:24:00,0,False
2015-09-26 14:32:00,48,False
2015-09-26 14:40:00,24,False
2015-09-26 14:48:00,0,False
2015-09-26 14:56:00,24,False
2015-09-26 15:04:00,24,False
2015-09-26 15:12:00,47,False
2015-09-26 15:20:00,47,False
2015-09-26 15:28:00,23,False
2015-09-26 15:36:00,0,False
2015-09-26 15:44:00,24,False
2015-09-26 15:52:00,92,False
2015-09-26 16:00:00,23,False
2015-09-26 16:08:00,70,False
2015-09-26 16:16:00,23,False
2015-09-26 16:24:00,71,False
2015-09-26 16:32:00,47,False
2015-09-26 16:40:00,24,False
2015-09-26 16:48:00,95,False
2015-09-26 16:56:00,72,False
2015-09-26 17:04:00,48,False
2015-09-26 17:12:00,0,False
2015-09-26 17:20:00,73,False
2015-09-26 17:28:00,24,False
2015-09-26 17:36:00,25,False
2015-09-26 17:44:00,49,False
2015-09-26 17:52:00,0,False
2015-09-26 18:00:00,100,False
2015-09-26 18:08:00,25,False
2015-09-26 18:16:00,25,False
2015-09-26 18:24:00,51,False
2015-09-26 18:32:00,26,False
2015-09-26 18:40:00,51,False
2015-09-26 18:48:00,26,False
2015-09-26 18:56:00,52,False
2015-10-03 13:04:00,44,False
2015-10-03 13:12:00,66,False
2015-10-03 13:20:00,43,False
2015-10-03 13:28:00,21,False
2015-10-03 13:36:00,43,False
2015-10-03 13:44:00,0,False
2015-10-03 13:52:00,21,False
2015-10-03 14:00:00,21,False
2015-10-03 14:08:00,83,False
2015-10-03 14:16:00,21,False
2015-10-03 14:24:00,20,False
2015-10-03 14:32:00,0,False
2015-10-03 14:40:00,61,False
2015-10-03 14:48:00,60,False
2015-10-03 14:56:00,40,False
2015-10-03 15:04:00,0,False
2015-10-03 15:12:00,40,False
2015-10-03 15:20:00,40,False
2015-10-03 15:28:00,60,False
2015-10-03 15:36:00,100,False
2015-10-03 15:44:00,60,False
2015-10-03 15:52:00,99,False
2015-10-03 16:00:00,99,False
2015-10-03 16:08:00,40,False
2015-10-03 16:16:00,40,False
2015-10-03 16:24:00,80,False
2015-10-03 16:32:00,20,False
2015-10-03 16:40:00,40,False
2015-10-03 16:48:00,0,False
2015-10-03 16:56:00,41,False
2015-10-03 17:04:00,41,False
2015-10-03 17:12:00,41,False
2015-10-03 17:20:00,41,False
2015-10-03 17:28:00,21,False
2015-10-03 17:36:00,62,False
2015-10-03 17:44:00,42,False
2015-10-03 17:52:00,21,False
2015-10-03 18:00:00,85,False
2015-10-03 18:08:00,0,False
2015-10-03 18:16:00,43,False
2015-10-03 18:24:00,0,False
2015-10-03 18:32:00,43,False
2015-10-03 18:40:00,65,False
2015-10-03 18:48:00,44,False
2015-10-03 18:56:00,22,False
2015-10-18 14:00:00,13,False
2015-10-18 14:08:00,0,False
2015-10-18 14:16:00,0,False
2015-10-18 14:24:00,26,False
2015-10-18 14:32:00,38,False
2015-10-18 14:40:00,13,False
2015-10-18 14:48:00,50,False
2015-10-18 14:56:00,38,False
2015-10-18 15:04:00,25,False
2015-10-18 15:12:00,25,False
2015-10-18 15:20:00,75,False
2015-10-18 15:28:00,100,False
2015-10-18 15:36:00,50,False
2015-10-18 15:44:00,12,False
2015-10-18 15:52:00,37,False
2015-10-18 16:00:00,49,False
2015-10-18 16:08:00,74,False
2015-10-18 16:16:00,25,False
2015-10-18 16:24:00,25,False
2015-10-18 16:32:00,37,False
2015-10-18 16:40:00,37,False
2015-10-18 16:48:00,74,False
2015-10-18 16:56:00,62,False
2015-10-18 17:04:00,25,False
2015-10-18 17:12:00,25,False
2015-10-18 17:20:00,12,False
2015-10-18 17:28:00,37,False
2015-10-18 17:36:00,13,False
2015-10-18 17:44:00,12,False
2015-10-18 17:52:00,25,False
2015-10-18 18:00:00,13,False
2015-10-18 18:08:00,0,False
2015-10-18 18:16:00,13,False
2015-10-18 18:24:00,39,False
2015-10-18 18:32:00,13,False
2015-10-18 18:40:00,26,False
2015-10-18 18:48:00,39,False
2015-10-18 18:56:00,0,False
2015-10-18 19:04:00,0,False
2015-10-18 19:12:00,0,False
2015-10-18 19:20:00,0,False
2015-10-18 19:28:00,27,False
2015-10-18 19:36:00,14,False
2015-10-18 19:44:00,14,False
2015-10-18 19:52:00,0,False
2015-10-18 20:00:00,0,False
2015-10-24 13:04:00,0,False
2015-10-24 13:12:00,0,False
2015-10-24 13:20:00,0,False
2015-10-24 13:28:00,0,False
2015-10-24 13:36:00,0,False
2015-10-24 13:44:00,0,False
2015-10-24 13:52:00,0,False
2015-10-24 14:00:00,0,False
2015-10-24 14:08:00,0,False
2015-10-24 14:16:00,0,False
2015-10-24 14:24:00,0,False
2015-10-24 14:32:00,0,False
2015-10-24 14:40:00,0,False
2015-10-24 14:48:00,0,False
2015-10-24 14:56:00,0,False
2015-10-24 15:04:00,0,False
2015-10-24 15:12:00,0,False
2015-10-24 15:20:00,0,False
2015-10-24 15:28:00,0,False
2015-10-24 15:36:00,0,False
2015-10-24 15:44:00,0,False
2015-10-24 15:52:00,0,False
2015-10-24 16:00:00,0,False
2015-10-24 16:08:00,0,False
2015-10-24 16:16:00,0,False
2015-10-24 16:24:00,0,False
2015-10-24 16:32:00,0,False
2015-10-24 16:40:00,0,False
2015-10-24 16:48:00,0,False
2015-10-24 16:56:00,100,False
2015-10-24 17:04:00,25,False
2015-10-24 17:12:00,0,False
2015-10-24 17:20:00,25,False
2015-10-24 17:28:00,0,False
2015-10-24 17:36:00,26,False
2015-10-24 17:44:00,52,False
2015-10-24 17:52:00,52,False
2015-10-24 18:00:00,26,False
2015-10-24 18:08:00,0,False
2015-10-24 18:16:00,27,False
2015-10-24 18:24:00,27,False
2015-10-24 18:32:00,0,False
2015-10-24 18:40:00,54,False
2015-10-24 18:48:00,0,False
2015-10-24 18:56:00,82,False
2015-10-31 13:04:00,0,False
2015-10-31 13:12:00,27,False
2015-10-31 13:20:00,0,False
2015-10-31 13:28:00,26,False
2015-10-31 13:36:00,0,False
2015-10-31 13:44:00,26,False
2015-10-31 13:52:00,52,False
2015-10-31 14:00:00,26,False
2015-10-31 14:08:00,26,False
2015-10-31 14:16:00,26,False
2015-10-31 14:24:00,0,False
2015-10-31 14:32:00,0,False
2015-10-31 14:40:00,25,False
2015-10-31 14:48:00,25,False
2015-10-31 14:56:00,49,False
2015-10-31 15:04:00,25,False
2015-10-31 15:12:00,74,False
2015-10-31 15:20:00,0,False
2015-10-31 15:28:00,0,False
2015-10-31 15:36:00,98,False
2015-10-31 15:44:00,0,False
2015-10-31 15:52:00,24,False
2015-10-31 16:00:00,73,False
2015-10-31 16:08:00,25,False
2015-10-31 16:16:00,49,False
2015-10-31 16:24:00,74,False
2015-10-31 16:32:00,25,False
2015-10-31 16:40:00,75,False
2015-10-31 16:48:00,96,False
2015-10-31 16:56:00,48,False
2015-10-31 17:04:00,50,False
2015-10-31 17:12:00,100,False
2015-10-31 17:20:00,0,False
2015-10-31 17:28:00,0,False
2015-10-31 17:36:00,0,False
2015-10-31 17:44:00,51,False
2015-10-31 17:52:00,25,False
2015-10-31 18:00:00,0,False
2015-10-31 18:08:00,0,False
2015-10-31 18:16:00,26,False
2015-10-31 18:24:00,26,False
2015-10-31 18:32:00,0,False
2015-10-31 18:40:00,27,False
2015-10-31 18:48:00,0,False
2015-10-31 18:56:00,27,False
2015-11-07 13:04:00,0,False
2015-11-07 13:12:00,18,False
2015-11-07 13:20:00,18,False
2015-11-07 13:28:00,18,False
2015-11-07 13:36:00,0,False
2015-11-07 13:44:00,36,False
2015-11-07 13:52:00,36,False
2015-11-07 14:00:00,0,False
2015-11-07 14:08:00,18,False
2015-11-07 14:16:00,17,False
2015-11-07 14:24:00,0,False
2015-11-07 14:32:00,35,False
2015-11-07 14:40:00,34,False
2015-11-07 14:48:00,34,False
2015-11-07 14:56:00,51,False
2015-11-07 15:04:00,0,False
2015-11-07 15:12:00,51,False
2015-11-07 15:20:00,34,False
2015-11-07 15:28:00,34,False
2015-11-07 15:36:00,17,False
2015-11-07 15:44:00,50,False
2015-11-07 15:52:00,50,False
2015-11-07 16:00:00,17,False
2015-11-07 16:08:00,83,False
2015-11-07 16:16:00,50,False
2015-11-07 16:24:00,100,False
2015-11-07 16:32:00,84,False
2015-11-07 16:40:00,33,False
2015-11-07 16:48:00,83,False
2015-11-07 16:56:00,50,False
2015-11-07 17:04:00,34,False
2015-11-07 17:12:00,84,False
2015-11-07 17:20:00,17,False
2015-11-07 17:28:00,34,False
2015-11-07 17:36:00,34,False
2015-11-07 17:44:00,0,False
2015-11-07 17:52:00,34,False
2015-11-07 18:00:00,17,False
2015-11-07 18:08:00,17,False
2015-11-07 18:16:00,17,False
2015-11-07 18:24:00,0,False
2015-11-07 18:32:00,0,False
2015-11-07 18:40:00,0,False
2015-11-07 18:48:00,18,False
2015-11-07 18:56:00,18,False
2015-11-21 13:04:00,0,False
2015-11-21 13:12:00,0,False
2015-11-21 13:20:00,18,False
2015-11-21 13:28:00,18,False
2015-11-21 13:36:00,18,False
2015-11-21 13:44:00,36,False
2015-11-21 13:52:00,18,False
2015-11-21 14:00:00,18,False
2015-11-21 14:08:00,36,False
2015-11-21 14:16:00,35,False
2015-11-21 14:24:00,18,False
2015-11-21 14:32:00,35,False
2015-11-21 14:40:00,69,False
2015-11-21 14:48:00,17,False
2015-11-21 14:56:00,34,False
2015-11-21 15:04:00,34,False
2015-11-21 15:12:00,17,False
2015-11-21 15:20:00,68,False
2015-11-21 15:28:00,68,False
2015-11-21 15:36:00,34,False
2015-11-21 15:44:00,100,False
2015-11-21 15:52:00,33,False
2015-11-21 16:00:00,67,False
2015-11-21 16:08:00,50,False
2015-11-21 16:16:00,17,False
2015-11-21 16:24:00,33,False
2015-11-21 16:32:00,33,False
2015-11-21 16:40:00,84,False
2015-11-21 16:48:00,99,False
2015-11-21 16:56:00,49,False
2015-11-21 17:04:00,16,False
2015-11-21 17:12:00,33,False
2015-11-21 17:20:00,17,False
2015-11-21 17:28:00,17,False
2015-11-21 17:36:00,17,False
2015-11-21 17:44:00,17,False
2015-11-21 17:52:00,0,False
2015-11-21 18:00:00,0,False
2015-11-21 18:08:00,0,False
2015-11-21 18:16:00,17,False
2015-11-21 18:24:00,35,False
2015-11-21 18:32:00,18,False
2015-11-21 18:40:00,0,False
2015-11-21 18:48:00,18,False
2015-11-21 18:56:00,0,False
2015-11-29 14:00:00,0,False
2015-11-29 14:08:00,0,False
2015-11-29 14:16:00,0,False
2015-11-29 14:24:00,0,False
2015-11-29 14:32:00,13,False
2015-11-29 14:40:00,40,False
2015-11-29 14:48:00,0,False
2015-11-29 14:56:00,13,False
2015-11-29 15:04:00,26,False
2015-11-29 15:12:00,13,False
2015-11-29 15:20:00,26,False
2015-11-29 15:28:00,0,False
2015-11-29 15:36:00,26,False
2015-11-29 15:44:00,25,False
2015-11-29 15:52:00,13,False
2015-11-29 16:00:00,0,False
2015-11-29 16:08:00,38,False
2015-11-29 16:16:00,13,False
2015-11-29 16:24:00,38,False
2015-11-29 16:32:00,25,False
2015-11-29 16:40:00,50,False
2015-11-29 16:48:00,100,False
2015-11-29 16:56:00,75,False
2015-11-29 17:04:00,63,False
2015-11-29 17:12:00,63,False
2015-11-29 17:20:00,25,False
2015-11-29 17:28:00,38,False
2015-11-29 17:36:00,50,False
2015-11-29 17:44:00,63,False
2015-11-29 17:52:00,50,False
2015-11-29 18:00:00,89,False
2015-11-29 18:08:00,63,False
2015-11-29 18:16:00,64,False
2015-11-29 18:24:00,64,False
2015-11-29 18:32:00,0,False
2015-11-29 18:40:00,52,False
2015-11-29 18:48:00,26,False
2015-11-29 18:56:00,0,False
2015-11-29 19:04:00,0,False
2015-11-29 19:12:00,13,False
2015-11-29 19:20:00,26,False
2015-11-29 19:28:00,26,False
2015-11-29 19:36:00,53,False
2015-11-29 19:44:00,0,False
2015-11-29 19:52:00,0,False
2015-11-29 20:00:00,0,False
2015-12-05 13:04:00,0,False
2015-12-05 13:12:00,0,False
2015-12-05 13:20:00,0,False
2015-12-05 13:28:00,0,False
2015-12-05 13:36:00,27,False
2015-12-05 13:44:00,0,False
2015-12-05 13:52:00,0,False
2015-12-05 14:00:00,26,False
2015-12-05 14:08:00,26,False
2015-12-05 14:16:00,26,False
2015-12-05 14:24:00,0,False
2015-12-05 14:32:00,78,False
2015-12-05 14:40:00,26,False
2015-12-05 14:48:00,0,False
2015-12-05 14:56:00,0,False
2015-12-05 15:04:00,51,False
2015-12-05 15:12:00,76,False
2015-12-05 15:20:00,75,False
2015-12-05 15:28:00,50,False
2015-12-05 15:36:00,0,False
2015-12-05 15:44:00,99,False
2015-12-05 15:52:00,25,False
2015-12-05 16:00:00,25,False
2015-12-05 16:08:00,50,False
2015-12-05 16:16:00,74,False
2015-12-05 16:24:00,50,False
2015-12-05 16:32:00,75,False
2015-12-05 16:40:00,25,False
2015-12-05 16:48:00,49,False
2015-12-05 16:56:00,25,False
2015-12-05 17:04:00,50,False
2015-12-05 17:12:00,100,False
2015-12-05 17:20:00,0,False
2015-12-05 17:28:00,51,False
2015-12-05 17:36:00,26,False
2015-12-05 17:44:00,26,False
2015-12-05 17:52:00,0,False
2015-12-05 18:00:00,78,False
2015-12-05 18:08:00,0,False
2015-12-05 18:16:00,0,False
2015-12-05 18:24:00,26,False
2015-12-05 18:32:00,27,False
2015-12-05 18:40:00,27,False
2015-12-05 18:48:00,0,False
2015-12-05 18:56:00,27,False
2015-12-12 10:00:00,30,False
2015-12-12 10:08:00,0,False
2015-12-12 10:16:00,15,False
2015-12-12 10:24:00,29,False
2015-12-12 10:32:00,0,False
2015-12-12 10:40:00,29,False
2015-12-12 10:48:00,14,False
2015-12-12 10:56:00,29,False
2015-12-12 11:04:00,28,False
2015-12-12 11:12:00,28,False
2015-12-12 11:20:00,28,False
2015-12-12 11:28:00,0,False
2015-12-12 11:36:00,27,False
2015-12-12 11:44:00,27,False
2015-12-12 11:52:00,27,False
2015-12-12 12:00:00,13,False
2015-12-12 12:08:00,0,False
2015-12-12 12:16:00,39,False
2015-12-12 12:24:00,13,False
2015-12-12 12:32:00,25,False
2015-12-12 12:40:00,0,False
2015-12-12 12:48:00,37,False
2015-12-12 12:56:00,12,False
2015-12-12 13:04:00,24,False
2015-12-12 13:12:00,36,False
2015-12-12 13:20:00,12,False
2015-12-12 13:28:00,35,False
2015-12-12 13:36:00,12,False
2015-12-12 13:44:00,70,False
2015-12-12 13:52:00,12,False
2015-12-12 14:00:00,23,False
2015-12-12 14:08:00,57,False
2015-12-12 14:16:00,22,False
2015-12-12 14:24:00,11,False
2015-12-12 14:32:00,100,False
2015-12-12 14:40:00,44,False
2015-12-12 14:48:00,11,False
2015-12-12 14:56:00,33,False
2015-12-12 15:04:00,0,False
2015-12-12 15:12:00,11,False
2015-12-12 15:20:00,43,False
2015-12-12 15:28:00,22,False
2015-12-12 15:36:00,22,False
2015-12-12 15:44:00,32,False
2015-12-12 15:52:00,32,False
2015-12-12 16:00:00,11,False
2015-12-19 13:04:00,0,False
2015-12-19 13:12:00,0,False
2015-12-19 13:20:00,41,False
2015-12-19 13:28:00,0,False
2015-12-19 13:36:00,0,False
2015-12-19 13:44:00,20,False
2015-12-19 13:52:00,10,False
2015-12-19 14:00:00,20,False
2015-12-19 14:08:00,10,False
2015-12-19 14:16:00,19,False
2015-12-19 14:24:00,10,False
2015-12-19 14:32:00,10,False
2015-12-19 14:40:00,28,False
2015-12-19 14:48:00,9,False
2015-12-19 14:56:00,37,False
2015-12-19 15:04:00,0,False
2015-12-19 15:12:00,18,False
2015-12-19 15:20:00,28,False
2015-12-19 15:28:00,28,False
2015-12-19 15:36:00,37,False
2015-12-19 15:44:00,100,False
2015-12-19 15:52:00,18,False
2015-12-19 16:00:00,27,False
2015-12-19 16:08:00,36,False
2015-12-19 16:16:00,100,False
2015-12-19 16:24:00,73,False
2015-12-19 16:32:00,55,False
2015-12-19 16:40:00,82,False
2015-12-19 16:48:00,82,False
2015-12-19 16:56:00,63,False
2015-12-19 17:04:00,18,False
2015-12-19 17:12:00,46,False
2015-12-19 17:20:00,74,False
2015-12-19 17:28:00,28,False
2015-12-19 17:36:00,84,False
2015-12-19 17:44:00,0,False
2015-12-19 17:52:00,19,False
2015-12-19 18:00:00,9,False
2015-12-19 18:08:00,19,False
2015-12-19 18:16:00,0,False
2015-12-19 18:24:00,10,False
2015-12-19 18:32:00,39,False
2015-12-19 18:40:00,39,False
2015-12-19 18:48:00,49,False
2015-12-19 18:56:00,29,False
2015-12-26 13:04:00,17,False
2015-12-26 13:12:00,17,False
2015-12-26 13:20:00,0,False
2015-12-26 13:28:00,0,False
2015-12-26 13:36:00,48,False
2015-12-26 13:44:00,32,False
2015-12-26 13:52:00,16,False
2015-12-26 14:00:00,47,False
2015-12-26 14:08:00,31,False
2015-12-26 14:16:00,15,False
2015-12-26 14:24:00,46,False
2015-12-26 14:32:00,15,False
2015-12-26 14:40:00,45,False
2015-12-26 14:48:00,30,False
2015-12-26 14:56:00,89,False
2015-12-26 15:04:00,89,False
2015-12-26 15:12:00,59,False
2015-12-26 15:20:00,74,False
2015-12-26 15:28:00,88,False
2015-12-26 15:36:00,88,False
2015-12-26 15:44:00,43,False
2015-12-26 15:52:00,86,False
2015-12-26 16:00:00,58,False
2015-12-26 16:08:00,29,False
2015-12-26 16:16:00,72,False
2015-12-26 16:24:00,43,False
2015-12-26 16:32:00,86,False
2015-12-26 16:40:00,29,False
2015-12-26 16:48:00,100,False
2015-12-26 16:56:00,57,False
2015-12-26 17:04:00,29,False
2015-12-26 17:12:00,14,False
2015-12-26 17:20:00,43,False
2015-12-26 17:28:00,58,False
2015-12-26 17:36:00,15,False
2015-12-26 17:44:00,44,False
2015-12-26 17:52:00,15,False
2015-12-26 18:00:00,59,False
2015-12-26 18:08:00,30,False
2015-12-26 18:16:00,15,False
2015-12-26 18:24:00,90,False
2015-12-26 18:32:00,15,False
2015-12-26 18:40:00,45,False
2015-12-26 18:48:00,0,False
2015-12-26 18:56:00,15,False
2015-12-28 13:04:00,9,False
2015-12-28 13:12:00,28,False
2015-12-28 13:20:00,9,False
2015-12-28 13:28:00,37,False
2015-12-28 13:36:00,0,False
2015-12-28 13:44:00,27,False
2015-12-28 13:52:00,27,False
2015-12-28 14:00:00,18,False
2015-12-28 14:08:00,27,False
2015-12-28 14:16:00,26,False
2015-12-28 14:24:00,52,False
2015-12-28 14:32:00,35,False
2015-12-28 14:40:00,9,False
2015-12-28 14:48:00,0,False
2015-12-28 14:56:00,26,False
2015-12-28 15:04:00,25,False
2015-12-28 15:12:00,8,False
2015-12-28 15:20:00,17,False
2015-12-28 15:28:00,42,False
2015-12-28 15:36:00,8,False
2015-12-28 15:44:00,50,False
2015-12-28 15:52:00,25,False
2015-12-28 16:00:00,33,False
2015-12-28 16:08:00,42,False
2015-12-28 16:16:00,83,False
2015-12-28 16:24:00,50,False
2015-12-28 16:32:00,92,False
2015-12-28 16:40:00,100,False
2015-12-28 16:48:00,33,False
2015-12-28 16:56:00,58,False
2015-12-28 17:04:00,33,False
2015-12-28 17:12:00,42,False
2015-12-28 17:20:00,25,False
2015-12-28 17:28:00,17,False
2015-12-28 17:36:00,25,False
2015-12-28 17:44:00,59,False
2015-12-28 17:52:00,34,False
2015-12-28 18:00:00,43,False
2015-12-28 18:08:00,60,False
2015-12-28 18:16:00,9,False
2015-12-28 18:24:00,43,False
2015-12-28 18:32:00,17,False
2015-12-28 18:40:00,43,False
2015-12-28 18:48:00,87,False
2015-12-28 18:56:00,18,False
2016-01-02 13:04:00,29,False
2016-01-02 13:12:00,19,False
2016-01-02 13:20:00,10,False
2016-01-02 13:28:00,9,False
2016-01-02 13:36:00,19,False
2016-01-02 13:44:00,19,False
2016-01-02 13:52:00,0,False
2016-01-02 14:00:00,37,False
2016-01-02 14:08:00,9,False
2016-01-02 14:16:00,18,False
2016-01-02 14:24:00,9,False
2016-01-02 14:32:00,18,False
2016-01-02 14:40:00,17,False
2016-01-02 14:48:00,9,False
2016-01-02 14:56:00,17,False
2016-01-02 15:04:00,9,False
2016-01-02 15:12:00,17,False
2016-01-02 15:20:00,17,False
2016-01-02 15:28:00,26,False
2016-01-02 15:36:00,34,False
2016-01-02 15:44:00,17,False
2016-01-02 15:52:00,67,False
2016-01-02 16:00:00,8,False
2016-01-02 16:08:00,17,False
2016-01-02 16:16:00,8,False
2016-01-02 16:24:00,84,False
2016-01-02 16:32:00,42,False
2016-01-02 16:40:00,59,False
2016-01-02 16:48:00,58,False
2016-01-02 16:56:00,41,False
2016-01-02 17:04:00,50,False
2016-01-02 17:12:00,100,False
2016-01-02 17:20:00,17,False
2016-01-02 17:28:00,25,False
2016-01-02 17:36:00,17,False
2016-01-02 17:44:00,34,False
2016-01-02 17:52:00,25,False
2016-01-02 18:00:00,17,False
2016-01-02 18:08:00,17,False
2016-01-02 18:16:00,9,False
2016-01-02 18:24:00,43,False
2016-01-02 18:32:00,18,False
2016-01-02 18:40:00,26,False
2016-01-02 18:48:00,9,False
2016-01-02 18:56:00,62,False
2016-01-13 17:04:00,0,False
2016-01-13 17:12:00,10,False
2016-01-13 17:20:00,0,False
2016-01-13 17:28:00,21,False
2016-01-13 17:36:00,11,False
2016-01-13 17:44:00,11,False
2016-01-13 17:52:00,11,False
2016-01-13 18:00:00,0,False
2016-01-13 18:08:00,43,False
2016-01-13 18:16:00,22,False
2016-01-13 18:24:00,22,False
2016-01-13 18:32:00,22,False
2016-01-13 18:40:00,54,False
2016-01-13 18:48:00,54,False
2016-01-13 18:56:00,22,False
2016-01-13 19:04:00,11,False
2016-01-13 19:12:00,11,False
2016-01-13 19:20:00,33,False
2016-01-13 19:28:00,33,False
2016-01-13 19:36:00,22,False
2016-01-13 19:44:00,11,False
2016-01-13 19:52:00,45,False
2016-01-13 20:00:00,11,False
2016-01-13 20:08:00,11,False
2016-01-13 20:16:00,68,False
2016-01-13 20:24:00,35,False
2016-01-13 20:32:00,46,False
2016-01-13 20:40:00,35,False
2016-01-13 20:48:00,12,False
2016-01-13 20:56:00,36,False
2016-01-13 21:04:00,36,False
2016-01-13 21:12:00,49,False
2016-01-13 21:20:00,49,False
2016-01-13 21:28:00,100,False
2016-01-13 21:36:00,13,False
2016-01-13 21:44:00,51,False
2016-01-13 21:52:00,64,False
2016-01-13 22:00:00,80,False
2016-01-13 22:08:00,27,False
2016-01-13 22:16:00,84,False
2016-01-13 22:24:00,0,False
2016-01-13 22:32:00,43,False
2016-01-13 22:40:00,29,False
2016-01-13 22:48:00,45,False
2016-01-13 22:56:00,15,False
2016-01-16 13:04:00,74,False
2016-01-16 13:12:00,0,False
2016-01-16 13:20:00,54,False
2016-01-16 13:28:00,18,False
2016-01-16 13:36:00,18,False
2016-01-16 13:44:00,35,False
2016-01-16 13:52:00,18,False
2016-01-16 14:00:00,17,False
2016-01-16 14:08:00,34,False
2016-01-16 14:16:00,17,False
2016-01-16 14:24:00,34,False
2016-01-16 14:32:00,34,False
2016-01-16 14:40:00,84,False
2016-01-16 14:48:00,50,False
2016-01-16 14:56:00,33,False
2016-01-16 15:04:00,16,False
2016-01-16 15:12:00,65,False
2016-01-16 15:20:00,81,False
2016-01-16 15:28:00,65,False
2016-01-16 15:36:00,0,False
2016-01-16 15:44:00,16,False
2016-01-16 15:52:00,80,False
2016-01-16 16:00:00,16,False
2016-01-16 16:08:00,48,False
2016-01-16 16:16:00,64,False
2016-01-16 16:24:00,64,False
2016-01-16 16:32:00,80,False
2016-01-16 16:40:00,64,False
2016-01-16 16:48:00,16,False
2016-01-16 16:56:00,80,False
2016-01-16 17:04:00,96,False
2016-01-16 17:12:00,32,False
2016-01-16 17:20:00,32,False
2016-01-16 17:28:00,49,False
2016-01-16 17:36:00,65,False
2016-01-16 17:44:00,16,False
2016-01-16 17:52:00,82,False
2016-01-16 18:00:00,0,False
2016-01-16 18:08:00,67,False
2016-01-16 18:16:00,100,False
2016-01-16 18:24:00,84,False
2016-01-16 18:32:00,17,False
2016-01-16 18:40:00,0,False
2016-01-16 18:48:00,17,False
2016-01-16 18:56:00,52,False
2016-01-23 10:00:00,6,False
2016-01-23 10:08:00,22,False
2016-01-23 10:16:00,11,False
2016-01-23 10:24:00,6,False
2016-01-23 10:32:00,5,False
2016-01-23 10:40:00,11,False
2016-01-23 10:48:00,0,False
2016-01-23 10:56:00,16,False
2016-01-23 11:04:00,27,False
2016-01-23 11:12:00,32,False
2016-01-23 11:20:00,10,False
2016-01-23 11:28:00,21,False
2016-01-23 11:36:00,26,False
2016-01-23 11:44:00,0,False
2016-01-23 11:52:00,15,False
2016-01-23 12:00:00,15,False
2016-01-23 12:08:00,15,False
2016-01-23 12:16:00,20,False
2016-01-23 12:24:00,15,False
2016-01-23 12:32:00,10,False
2016-01-23 12:40:00,29,False
2016-01-23 12:48:00,28,False
2016-01-23 12:56:00,14,False
2016-01-23 13:04:00,32,False
2016-01-23 13:12:00,27,False
2016-01-23 13:20:00,36,False
2016-01-23 13:28:00,58,False
2016-01-23 13:36:00,27,False
2016-01-23 13:44:00,13,False
2016-01-23 13:52:00,65,False
2016-01-23 14:00:00,43,False
2016-01-23 14:08:00,98,False
2016-01-23 14:16:00,64,False
2016-01-23 14:24:00,80,False
2016-01-23 14:32:00,38,False
2016-01-23 14:40:00,100,False
2016-01-23 14:48:00,41,False
2016-01-23 14:56:00,29,False
2016-01-23 15:04:00,24,False
2016-01-23 15:12:00,12,False
2016-01-23 15:20:00,16,False
2016-01-23 15:28:00,20,False
2016-01-23 15:36:00,12,False
2016-01-23 15:44:00,12,False
2016-01-23 15:52:00,16,False
2016-01-23 16:00:00,20,False
2016-02-02 17:04:00,7,False
2016-02-02 17:12:00,29,False
2016-02-02 17:20:00,29,False
2016-02-02 17:28:00,22,False
2016-02-02 17:36:00,7,False
2016-02-02 17:44:00,22,False
2016-02-02 17:52:00,0,False
2016-02-02 18:00:00,23,False
2016-02-02 18:08:00,23,False
2016-02-02 18:16:00,15,False
2016-02-02 18:24:00,38,False
2016-02-02 18:32:00,15,False
2016-02-02 18:40:00,23,False
2016-02-02 18:48:00,15,False
2016-02-02 18:56:00,38,False
2016-02-02 19:04:00,31,False
2016-02-02 19:12:00,15,False
2016-02-02 19:20:00,8,False
2016-02-02 19:28:00,15,False
2016-02-02 19:36:00,47,False
2016-02-02 19:44:00,8,False
2016-02-02 19:52:00,23,False
2016-02-02 20:00:00,24,False
2016-02-02 20:08:00,48,False
2016-02-02 20:16:00,40,False
2016-02-02 20:24:00,16,False
2016-02-02 20:32:00,33,False
2016-02-02 20:40:00,33,False
2016-02-02 20:48:00,33,False
2016-02-02 20:56:00,100,False
2016-02-02 21:04:00,60,False
2016-02-02 21:12:00,43,False
2016-02-02 21:20:00,17,False
2016-02-02 21:28:00,61,False
2016-02-02 21:36:00,26,False
2016-02-02 21:44:00,36,False
2016-02-02 21:52:00,9,False
2016-02-02 22:00:00,93,False
2016-02-02 22:08:00,29,False
2016-02-02 22:16:00,19,False
2016-02-02 22:24:00,30,False
2016-02-02 22:32:00,20,False
2016-02-02 22:40:00,0,False
2016-02-02 22:48:00,21,False
2016-02-02 22:56:00,22,False
2016-02-06 13:04:00,49,False
2016-02-06 13:12:00,16,False
2016-02-06 13:20:00,16,False
2016-02-06 13:28:00,79,False
2016-02-06 13:36:00,31,False
2016-02-06 13:44:00,0,False
2016-02-06 13:52:00,31,False
2016-02-06 14:00:00,77,False
2016-02-06 14:08:00,15,False
2016-02-06 14:16:00,0,False
2016-02-06 14:24:00,0,False
2016-02-06 14:32:00,45,False
2016-02-06 14:40:00,15,False
2016-02-06 14:48:00,44,False
2016-02-06 14:56:00,29,False
2016-02-06 15:04:00,44,False
2016-02-06 15:12:00,29,False
2016-02-06 15:20:00,43,False
2016-02-06 15:28:00,72,False
2016-02-06 15:36:00,86,False
2016-02-06 15:44:00,43,False
2016-02-06 15:52:00,100,False
2016-02-06 16:00:00,43,False
2016-02-06 16:08:00,29,False
2016-02-06 16:16:00,28,False
2016-02-06 16:24:00,43,False
2016-02-06 16:32:00,28,False
2016-02-06 16:40:00,28,False
2016-02-06 16:48:00,43,False
2016-02-06 16:56:00,42,False
2016-02-06 17:04:00,57,False
2016-02-06 17:12:00,43,False
2016-02-06 17:20:00,43,False
2016-02-06 17:28:00,29,False
2016-02-06 17:36:00,29,False
2016-02-06 17:44:00,14,False
2016-02-06 17:52:00,58,False
2016-02-06 18:00:00,0,False
2016-02-06 18:08:00,74,False
2016-02-06 18:16:00,15,False
2016-02-06 18:24:00,45,False
2016-02-06 18:32:00,45,False
2016-02-06 18:40:00,46,False
2016-02-06 18:48:00,46,False
2016-02-06 18:56:00,62,False
2016-02-13 13:04:00,26,False
2016-02-13 13:12:00,51,False
2016-02-13 13:20:00,25,False
2016-02-13 13:28:00,13,False
2016-02-13 13:36:00,37,False
2016-02-13 13:44:00,12,False
2016-02-13 13:52:00,12,False
2016-02-13 14:00:00,12,False
2016-02-13 14:08:00,12,False
2016-02-13 14:16:00,0,False
2016-02-13 14:24:00,12,False
2016-02-13 14:32:00,35,False
2016-02-13 14:40:00,23,False
2016-02-13 14:48:00,0,False
2016-02-13 14:56:00,23,False
2016-02-13 15:04:00,46,False
2016-02-13 15:12:00,11,False
2016-02-13 15:20:00,11,False
2016-02-13 15:28:00,56,False
2016-02-13 15:36:00,34,False
2016-02-13 15:44:00,55,False
2016-02-13 15:52:00,22,False
2016-02-13 16:00:00,33,False
2016-02-13 16:08:00,67,False
2016-02-13 16:16:00,100,False
2016-02-13 16:24:00,77,False
2016-02-13 16:32:00,100,False
2016-02-13 16:40:00,56,False
2016-02-13 16:48:00,66,False
2016-02-13 16:56:00,33,False
2016-02-13 17:04:00,78,False
2016-02-13 17:12:00,11,False
2016-02-13 17:20:00,22,False
2016-02-13 17:28:00,45,False
2016-02-13 17:36:00,45,False
2016-02-13 17:44:00,23,False
2016-02-13 17:52:00,45,False
2016-02-13 18:00:00,46,False
2016-02-13 18:08:00,12,False
2016-02-13 18:16:00,23,False
2016-02-13 18:24:00,35,False
2016-02-13 18:32:00,47,False
2016-02-13 18:40:00,24,False
2016-02-13 18:48:00,36,False
2016-02-13 18:56:00,12,False
2016-02-27 13:04:00,19,False
2016-02-27 13:12:00,38,False
2016-02-27 13:20:00,0,False
2016-02-27 13:28:00,18,False
2016-02-27 13:36:00,0,False
2016-02-27 13:44:00,18,False
2016-02-27 13:52:00,18,False
2016-02-27 14:00:00,53,False
2016-02-27 14:08:00,0,False
2016-02-27 14:16:00,18,False
2016-02-27 14:24:00,17,False
2016-02-27 14:32:00,69,False
2016-02-27 14:40:00,17,False
2016-02-27 14:48:00,34,False
2016-02-27 14:56:00,67,False
2016-02-27 15:04:00,85,False
2016-02-27 15:12:00,67,False
2016-02-27 15:20:00,17,False
2016-02-27 15:28:00,67,False
2016-02-27 15:36:00,51,False
2016-02-27 15:44:00,66,False
2016-02-27 15:52:00,17,False
2016-02-27 16:00:00,100,False
2016-02-27 16:08:00,84,False
2016-02-27 16:16:00,50,False
2016-02-27 16:24:00,67,False
2016-02-27 16:32:00,66,False
2016-02-27 16:40:00,67,False
2016-02-27 16:48:00,16,False
2016-02-27 16:56:00,82,False
2016-02-27 17:04:00,83,False
2016-02-27 17:12:00,67,False
2016-02-27 17:20:00,68,False
2016-02-27 17:28:00,34,False
2016-02-27 17:36:00,68,False
2016-02-27 17:44:00,34,False
2016-02-27 17:52:00,34,False
2016-02-27 18:00:00,17,False
2016-02-27 18:08:00,35,False
2016-02-27 18:16:00,53,False
2016-02-27 18:24:00,36,False
2016-02-27 18:32:00,36,False
2016-02-27 18:40:00,0,False
2016-02-27 18:48:00,36,False
2016-02-27 18:56:00,18,False
2016-03-01 17:04:00,13,False
2016-03-01 17:12:00,7,False
2016-03-01 17:20:00,33,False
2016-03-01 17:28:00,13,False
2016-03-01 17:36:00,7,False
2016-03-01 17:44:00,13,False
2016-03-01 17:52:00,34,False
2016-03-01 18:00:00,21,False
2016-03-01 18:08:00,41,False
2016-03-01 18:16:00,14,False
2016-03-01 18:24:00,7,False
2016-03-01 18:32:00,21,False
2016-03-01 18:40:00,34,False
2016-03-01 18:48:00,14,False
2016-03-01 18:56:00,21,False
2016-03-01 19:04:00,21,False
2016-03-01 19:12:00,42,False
2016-03-01 19:20:00,0,False
2016-03-01 19:28:00,28,False
2016-03-01 19:36:00,35,False
2016-03-01 19:44:00,35,False
2016-03-01 19:52:00,100,False
2016-03-01 20:00:00,58,False
2016-03-01 20:08:00,7,False
2016-03-01 20:16:00,74,False
2016-03-01 20:24:00,52,False
2016-03-01 20:32:00,44,False
2016-03-01 20:40:00,30,False
2016-03-01 20:48:00,30,False
2016-03-01 20:56:00,38,False
2016-03-01 21:04:00,39,False
2016-03-01 21:12:00,87,False
2016-03-01 21:20:00,40,False
2016-03-01 21:28:00,89,False
2016-03-01 21:36:00,49,False
2016-03-01 21:44:00,100,False
2016-03-01 21:52:00,60,False
2016-03-01 22:00:00,35,False
2016-03-01 22:08:00,27,False
2016-03-01 22:16:00,45,False
2016-03-01 22:24:00,9,False
2016-03-01 22:32:00,9,False
2016-03-01 22:40:00,10,False
2016-03-01 22:48:00,20,False
2016-03-01 22:56:00,10,False
2016-03-05 13:04:00,25,False
2016-03-05 13:12:00,37,False
2016-03-05 13:20:00,25,False
2016-03-05 13:28:00,36,False
2016-03-05 13:36:00,24,False
2016-03-05 13:44:00,24,False
2016-03-05 13:52:00,36,False
2016-03-05 14:00:00,23,False
2016-03-05 14:08:00,12,False
2016-03-05 14:16:00,0,False
2016-03-05 14:24:00,23,False
2016-03-05 14:32:00,34,False
2016-03-05 14:40:00,45,False
2016-03-05 14:48:00,11,False
2016-03-05 14:56:00,11,False
2016-03-05 15:04:00,34,False
2016-03-05 15:12:00,11,False
2016-03-05 15:20:00,11,False
2016-03-05 15:28:00,11,False
2016-03-05 15:36:00,11,False
2016-03-05 15:44:00,33,False
2016-03-05 15:52:00,33,False
2016-03-05 16:00:00,33,False
2016-03-05 16:08:00,55,False
2016-03-05 16:16:00,100,False
2016-03-05 16:24:00,11,False
2016-03-05 16:32:00,44,False
2016-03-05 16:40:00,56,False
2016-03-05 16:48:00,22,False
2016-03-05 16:56:00,66,False
2016-03-05 17:04:00,44,False
2016-03-05 17:12:00,34,False
2016-03-05 17:20:00,22,False
2016-03-05 17:28:00,22,False
2016-03-05 17:36:00,11,False
2016-03-05 17:44:00,23,False
2016-03-05 17:52:00,23,False
2016-03-05 18:00:00,46,False
2016-03-05 18:08:00,35,False
2016-03-05 18:16:00,23,False
2016-03-05 18:24:00,47,False
2016-03-05 18:32:00,47,False
2016-03-05 18:40:00,24,False
2016-03-05 18:48:00,0,False
2016-03-05 18:56:00,48,False
2016-03-12 10:00:00,42,False
2016-03-12 10:08:00,21,False
2016-03-12 10:16:00,21,False
2016-03-12 10:24:00,41,False
2016-03-12 10:32:00,10,False
2016-03-12 10:40:00,20,False
2016-03-12 10:48:00,0,False
2016-03-12 10:56:00,30,False
2016-03-12 11:04:00,10,False
2016-03-12 11:12:00,0,False
2016-03-12 11:20:00,10,False
2016-03-12 11:28:00,19,False
2016-03-12 11:36:00,58,False
2016-03-12 11:44:00,28,False
2016-03-12 11:52:00,19,False
2016-03-12 12:00:00,19,False
2016-03-12 12:08:00,9,False
2016-03-12 12:16:00,27,False
2016-03-12 12:24:00,36,False
2016-03-12 12:32:00,18,False
2016-03-12 12:40:00,61,False
2016-03-12 12:48:00,51,False
2016-03-12 12:56:00,34,False
2016-03-12 13:04:00,17,False
2016-03-12 13:12:00,50,False
2016-03-12 13:20:00,83,False
2016-03-12 13:28:00,57,False
2016-03-12 13:36:00,41,False
2016-03-12 13:44:00,32,False
2016-03-12 13:52:00,24,False
2016-03-12 14:00:00,63,False
2016-03-12 14:08:00,55,False
2016-03-12 14:16:00,85,False
2016-03-12 14:24:00,100,False
2016-03-12 14:32:00,15,False
2016-03-12 14:40:00,30,False
2016-03-12 14:48:00,53,False
2016-03-12 14:56:00,15,False
2016-03-12 15:04:00,38,False
2016-03-12 15:12:00,75,False
2016-03-12 15:20:00,8,False
2016-03-12 15:28:00,23,False
2016-03-12 15:36:00,30,False
2016-03-12 15:44:00,30,False
2016-03-12 15:52:00,15,False
2016-03-12 16:00:00,22,False
2016-03-19 13:04:00,19,False
2016-03-19 13:12:00,0,False
2016-03-19 13:20:00,9,False
2016-03-19 13:28:00,18,False
2016-03-19 13:36:00,9,False
2016-03-19 13:44:00,0,False
2016-03-19 13:52:00,17,False
2016-03-19 14:00:00,17,False
2016-03-19 14:08:00,17,False
2016-03-19 14:16:00,0,False
2016-03-19 14:24:00,0,False
2016-03-19 14:32:00,8,False
2016-03-19 14:40:00,17,False
2016-03-19 14:48:00,17,False
2016-03-19 14:56:00,0,False
2016-03-19 15:04:00,33,False
2016-03-19 15:12:00,8,False
2016-03-19 15:20:00,8,False
2016-03-19 15:28:00,25,False
2016-03-19 15:36:00,33,False
2016-03-19 15:44:00,33,False
2016-03-19 15:52:00,33,False
2016-03-19 16:00:00,42,False
2016-03-19 16:08:00,100,False
2016-03-19 16:16:00,33,False
2016-03-19 16:24:00,16,False
2016-03-19 16:32:00,33,False
2016-03-19 16:40:00,50,False
2016-03-19 16:48:00,83,False
2016-03-19 16:56:00,58,False
2016-03-19 17:04:00,50,False
2016-03-19 17:12:00,42,False
2016-03-19 17:20:00,9,False
2016-03-19 17:28:00,9,False
2016-03-19 17:36:00,34,False
2016-03-19 17:44:00,9,False
2016-03-19 17:52:00,17,False
2016-03-19 18:00:00,8,False
2016-03-19 18:08:00,17,False
2016-03-19 18:16:00,35,False
2016-03-19 18:24:00,9,False
2016-03-19 18:32:00,26,False
2016-03-19 18:40:00,9,False
2016-03-19 18:48:00,27,False
2016-03-19 18:56:00,27,False
2016-04-02 13:04:00,8,False
2016-04-02 13:12:00,16,False
2016-04-02 13:20:00,24,False
2016-04-02 13:28:00,15,False
2016-04-02 13:36:00,15,False
2016-04-02 13:44:00,23,False
2016-04-02 13:52:00,8,False
2016-04-02 14:00:00,7,False
2016-04-02 14:08:00,37,False
2016-04-02 14:16:00,15,False
2016-04-02 14:24:00,22,False
2016-04-02 14:32:00,51,False
2016-04-02 14:40:00,44,False
2016-04-02 14:48:00,22,False
2016-04-02 14:56:00,72,False
2016-04-02 15:04:00,50,False
2016-04-02 15:12:00,64,False
2016-04-02 15:20:00,43,False
2016-04-02 15:28:00,100,False
2016-04-02 15:36:00,29,False
2016-04-02 15:44:00,92,False
2016-04-02 15:52:00,92,False
2016-04-02 16:00:00,85,False
2016-04-02 16:08:00,28,False
2016-04-02 16:16:00,43,False
2016-04-02 16:24:00,35,False
2016-04-02 16:32:00,71,False
2016-04-02 16:40:00,7,False
2016-04-02 16:48:00,29,False
2016-04-02 16:56:00,29,False
2016-04-02 17:04:00,0,False
2016-04-02 17:12:00,36,False
2016-04-02 17:20:00,7,False
2016-04-02 17:28:00,0,False
2016-04-02 17:36:00,29,False
2016-04-02 17:44:00,36,False
2016-04-02 17:52:00,51,False
2016-04-02 18:00:00,15,False
2016-04-02 18:08:00,29,False
2016-04-02 18:16:00,15,False
2016-04-02 18:24:00,22,False
2016-04-02 18:32:00,0,False
2016-04-02 18:40:00,7,False
2016-04-02 18:48:00,7,False
2016-04-02 18:56:00,30,False
2016-04-09 13:04:00,25,False
2016-04-09 13:12:00,49,False
2016-04-09 13:20:00,36,False
2016-04-09 13:28:00,24,False
2016-04-09 13:36:00,12,False
2016-04-09 13:44:00,23,False
2016-04-09 13:52:00,23,False
2016-04-09 14:00:00,35,False
2016-04-09 14:08:00,57,False
2016-04-09 14:16:00,34,False
2016-04-09 14:24:00,45,False
2016-04-09 14:32:00,45,False
2016-04-09 14:40:00,78,False
2016-04-09 14:48:00,67,False
2016-04-09 14:56:00,11,False
2016-04-09 15:04:00,45,False
2016-04-09 15:12:00,56,False
2016-04-09 15:20:00,67,False
2016-04-09 15:28:00,44,False
2016-04-09 15:36:00,45,False
2016-04-09 15:44:00,100,False
2016-04-09 15:52:00,44,False
2016-04-09 16:00:00,56,False
2016-04-09 16:08:00,56,False
2016-04-09 16:16:00,11,False
2016-04-09 16:24:00,44,False
2016-04-09 16:32:00,55,False
2016-04-09 16:40:00,33,False
2016-04-09 16:48:00,11,False
2016-04-09 16:56:00,22,False
2016-04-09 17:04:00,23,False
2016-04-09 17:12:00,34,False
2016-04-09 17:20:00,23,False
2016-04-09 17:28:00,11,False
2016-04-09 17:36:00,23,False
2016-04-09 17:44:00,57,False
2016-04-09 17:52:00,23,False
2016-04-09 18:00:00,0,False
2016-04-09 18:08:00,12,False
2016-04-09 18:16:00,0,False
2016-04-09 18:24:00,12,False
2016-04-09 18:32:00,12,False
2016-04-09 18:40:00,12,False
2016-04-09 18:48:00,36,False
2016-04-09 18:56:00,12,False
2016-04-16 10:00:00,10,False
2016-04-16 10:08:00,20,False
2016-04-16 10:16:00,40,False
2016-04-16 10:24:00,30,False
2016-04-16 10:32:00,20,False
2016-04-16 10:40:00,19,False
2016-04-16 10:48:00,29,False
2016-04-16 10:56:00,19,False
2016-04-16 11:04:00,19,False
2016-04-16 11:12:00,9,False
2016-04-16 11:20:00,36,False
2016-04-16 11:28:00,27,False
2016-04-16 11:36:00,36,False
2016-04-16 11:44:00,62,False
2016-04-16 11:52:00,35,False
2016-04-16 12:00:00,35,False
2016-04-16 12:08:00,86,False
2016-04-16 12:16:00,59,False
2016-04-16 12:24:00,59,False
2016-04-16 12:32:00,50,False
2016-04-16 12:40:00,65,False
2016-04-16 12:48:00,49,False
2016-04-16 12:56:00,73,False
2016-04-16 13:04:00,56,False
2016-04-16 13:12:00,71,False
2016-04-16 13:20:00,86,False
2016-04-16 13:28:00,78,False
2016-04-16 13:36:00,100,False
2016-04-16 13:44:00,69,False
2016-04-16 13:52:00,45,False
2016-04-16 14:00:00,52,False
2016-04-16 14:08:00,30,False
2016-04-16 14:16:00,7,False
2016-04-16 14:24:00,44,False
2016-04-16 14:32:00,15,False
2016-04-16 14:40:00,7,False
2016-04-16 14:48:00,15,False
2016-04-16 14:56:00,15,False
2016-04-16 15:04:00,29,False
2016-04-16 15:12:00,22,False
2016-04-16 15:20:00,15,False
2016-04-16 15:28:00,22,False
2016-04-16 15:36:00,22,False
2016-04-16 15:44:00,22,False
2016-04-16 15:52:00,22,False
2016-04-16 16:00:00,15,False
2016-04-30 15:04:00,25,False
2016-04-30 15:12:00,25,False
2016-04-30 15:20:00,6,False
2016-04-30 15:28:00,6,False
2016-04-30 15:36:00,0,False
2016-04-30 15:44:00,25,False
2016-04-30 15:52:00,19,False
2016-04-30 16:00:00,25,False
2016-04-30 16:08:00,50,False
2016-04-30 16:16:00,31,False
2016-04-30 16:24:00,31,False
2016-04-30 16:32:00,13,False
2016-04-30 16:40:00,32,False
2016-04-30 16:48:00,57,False
2016-04-30 16:56:00,32,False
2016-04-30 17:04:00,32,False
2016-04-30 17:12:00,70,False
2016-04-30 17:20:00,32,False
2016-04-30 17:28:00,77,False
2016-04-30 17:36:00,65,False
2016-04-30 17:44:00,65,False
2016-04-30 17:52:00,59,False
2016-04-30 18:00:00,46,False
2016-04-30 18:08:00,46,False
2016-04-30 18:16:00,100,False
2016-04-30 18:24:00,100,False
2016-04-30 18:32:00,40,False
2016-04-30 18:40:00,27,False
2016-04-30 18:48:00,20,False
2016-04-30 18:56:00,81,False
2016-04-30 19:04:00,7,False
2016-04-30 19:12:00,41,False
2016-04-30 19:20:00,14,False
2016-04-30 19:28:00,28,False
2016-04-30 19:36:00,28,False
2016-04-30 19:44:00,21,False
2016-04-30 19:52:00,22,False
2016-04-30 20:00:00,29,False
2016-04-30 20:08:00,29,False
2016-04-30 20:16:00,15,False
2016-04-30 20:24:00,22,False
2016-04-30 20:32:00,22,False
2016-04-30 20:40:00,8,False
2016-04-30 20:48:00,0,False
2016-04-30 20:56:00,31,False
2016-05-07 10:00:00,7,False
2016-05-07 10:08:00,22,False
2016-05-07 10:16:00,22,False
2016-05-07 10:24:00,15,False
2016-05-07 10:32:00,22,False
2016-05-07 10:40:00,14,False
2016-05-07 10:48:00,7,False
2016-05-07 10:56:00,7,False
2016-05-07 11:04:00,0,False
2016-05-07 11:12:00,27,False
2016-05-07 11:20:00,20,False
2016-05-07 11:28:00,26,False
2016-05-07 11:36:00,20,False
2016-05-07 11:44:00,13,False
2016-05-07 11:52:00,38,False
2016-05-07 12:00:00,38,False
2016-05-07 12:08:00,38,False
2016-05-07 12:16:00,61,False
2016-05-07 12:24:00,49,False
2016-05-07 12:32:00,30,False
2016-05-07 12:40:00,0,False
2016-05-07 12:48:00,59,False
2016-05-07 12:56:00,100,False
2016-05-07 13:04:00,70,False
2016-05-07 13:12:00,40,False
2016-05-07 13:20:00,80,False
2016-05-07 13:28:00,51,False
2016-05-07 13:36:00,62,False
2016-05-07 13:44:00,28,False
2016-05-07 13:52:00,11,False
2016-05-07 14:00:00,39,False
2016-05-07 14:08:00,11,False
2016-05-07 14:16:00,11,False
2016-05-07 14:24:00,27,False
2016-05-07 14:32:00,22,False
2016-05-07 14:40:00,22,False
2016-05-07 14:48:00,5,False
2016-05-07 14:56:00,21,False
2016-05-07 15:04:00,5,False
2016-05-07 15:12:00,21,False
2016-05-07 15:20:00,27,False
2016-05-07 15:28:00,27,False
2016-05-07 15:36:00,11,False
2016-05-07 15:44:00,22,False
2016-05-07 15:52:00,32,False
2016-05-07 16:00:00,16,False
2016-05-11 17:04:00,18,False
2016-05-11 17:12:00,4,False
2016-05-11 17:20:00,9,False
2016-05-11 17:28:00,0,False
2016-05-11 17:36:00,4,False
2016-05-11 17:44:00,9,False
2016-05-11 17:52:00,9,False
2016-05-11 18:00:00,4,False
2016-05-11 18:08:00,0,False
2016-05-11 18:16:00,9,False
2016-05-11 18:24:00,0,False
2016-05-11 18:32:00,18,False
2016-05-11 18:40:00,18,False
2016-05-11 18:48:00,18,False
2016-05-11 18:56:00,41,False
2016-05-11 19:04:00,50,False
2016-05-11 19:12:00,46,False
2016-05-11 19:20:00,14,False
2016-05-11 19:28:00,42,False
2016-05-11 19:36:00,56,False
2016-05-11 19:44:00,61,False
2016-05-11 19:52:00,100,False
2016-05-11 20:00:00,48,False
2016-05-11 20:08:00,54,False
2016-05-11 20:16:00,45,False
2016-05-11 20:24:00,86,False
2016-05-11 20:32:00,97,False
2016-05-11 20:40:00,57,False
2016-05-11 20:48:00,48,False
2016-05-11 20:56:00,60,False
2016-05-11 21:04:00,39,False
2016-05-11 21:12:00,57,False
2016-05-11 21:20:00,53,False
2016-05-11 21:28:00,36,False
2016-05-11 21:36:00,18,False
2016-05-11 21:44:00,12,False
2016-05-11 21:52:00,6,False
2016-05-11 22:00:00,20,False
2016-05-11 22:08:00,13,False
2016-05-11 22:16:00,20,False
2016-05-11 22:24:00,14,False
2016-05-11 22:32:00,0,False
2016-05-11 22:40:00,7,False
2016-05-11 22:48:00,7,False
2016-05-11 22:56:00,15,False
2016-05-15 13:04:00,83,False
2016-05-15 13:12:00,54,False
2016-05-15 13:20:00,27,False
2016-05-15 13:28:00,27,False
2016-05-15 13:36:00,53,False
2016-05-15 13:44:00,26,False
2016-05-15 13:52:00,0,False
2016-05-15 14:00:00,0,False
2016-05-15 14:08:00,50,False
2016-05-15 14:16:00,25,False
2016-05-15 14:24:00,75,False
2016-05-15 14:32:00,50,False
2016-05-15 14:40:00,75,False
2016-05-15 14:48:00,74,False
2016-05-15 14:56:00,99,False
2016-05-15 15:04:00,0,False
2016-05-15 15:12:00,50,False
2016-05-15 15:20:00,50,False
2016-05-15 15:28:00,99,False
2016-05-15 15:36:00,50,False
2016-05-15 15:44:00,74,False
2016-05-15 15:52:00,98,False
2016-05-15 16:00:00,74,False
2016-05-15 16:08:00,50,False
2016-05-15 16:16:00,0,False
2016-05-15 16:24:00,0,False
2016-05-15 16:32:00,100,False
2016-05-15 16:40:00,25,False
2016-05-15 16:48:00,0,False
2016-05-15 16:56:00,50,False
2016-05-15 17:04:00,0,False
2016-05-15 17:12:00,25,False
2016-05-15 17:20:00,25,False
2016-05-15 17:28:00,75,False
2016-05-15 17:36:00,0,False
2016-05-15 17:44:00,75,False
2016-05-15 17:52:00,50,False
2016-05-15 18:00:00,25,False
2016-05-15 18:08:00,0,False
2016-05-15 18:16:00,25,False
2016-05-15 18:24:00,0,False
2016-05-15 18:32:00,52,False
2016-05-15 18:40:00,0,False
2016-05-15 18:48:00,0,False
2016-05-15 18:56:00,52,False
